2026-10-02 11:37:08 [main] INFO  r.g.a.AssistantCoreApplication - Starting AssistantCoreApplication using Java 17.0.12 with PID 20776 (C:\Users\user\IdeaProjects\RepairAIAssistant\assistant-core\target\classes started by user in C:\Users\user\IdeaProjects\RepairAIAssistant\assistant-core)
2026-10-02 11:37:08 [main] DEBUG r.g.a.AssistantCoreApplication - Running with Spring Boot v3.5.4, Spring v6.2.9
2026-10-02 11:37:08 [main] INFO  r.g.a.AssistantCoreApplication - No active profile set, falling back to 1 default profile: "default"
2026-10-02 11:37:09 [main] INFO  o.s.d.r.c.RepositoryConfigurationDelegate - Bootstrapping Spring Data JPA repositories in DEFAULT mode.
2026-10-02 11:37:09 [main] INFO  o.s.d.r.c.RepositoryConfigurationDelegate - Finished Spring Data repository scanning in 47 ms. Found 13 JPA repository interfaces.
2026-10-02 11:37:09 [main] INFO  o.s.b.w.e.tomcat.TomcatWebServer - Tomcat initialized with port 8080 (http)
2026-10-02 11:37:09 [main] INFO  o.a.catalina.core.StandardService - Starting service [Tomcat]
2026-10-02 11:37:09 [main] INFO  o.a.catalina.core.StandardEngine - Starting Servlet engine: [Apache Tomcat/10.1.43]
2026-10-02 11:37:09 [main] INFO  o.a.c.c.C.[Tomcat].[localhost].[/] - Initializing Spring embedded WebApplicationContext
2026-10-02 11:37:09 [main] INFO  o.s.b.w.s.c.ServletWebServerApplicationContext - Root WebApplicationContext: initialization completed in 892 ms
2026-10-02 11:37:10 [main] INFO  o.s.o.j.p.SpringPersistenceUnitInfo - No LoadTimeWeaver setup: ignoring JPA class transformer
2026-10-02 11:37:10 [main] INFO  com.zaxxer.hikari.HikariDataSource - HikariPool-1 - Starting...
2026-10-02 11:37:10 [main] INFO  com.zaxxer.hikari.pool.HikariPool - HikariPool-1 - Added connection com.mysql.cj.jdbc.ConnectionImpl@3620eab
2026-10-02 11:37:10 [main] INFO  com.zaxxer.hikari.HikariDataSource - HikariPool-1 - Start completed.
2026-10-02 11:37:11 [main] INFO  o.s.o.j.LocalContainerEntityManagerFactoryBean - Initialized JPA EntityManagerFactory for persistence unit 'default'
2026-10-02 11:37:11 [main] INFO  o.s.d.j.r.query.QueryEnhancerFactory - Hibernate is in classpath; If applicable, HQL parser will be used.
2026-10-02 11:37:11 [main] INFO  r.g.a.s.DiagnosticsFileStorageService - Diagnostics upload directory: C:\Users\user\IdeaProjects\RepairAIAssistant\assistant-core\uploads\diagnostics
2026-10-02 11:37:12 [main] WARN  r.g.a.s.ResourceValidationService - ? Файл с инструкциями по ремонту не найден: training/repair_instructions.json
2026-10-02 11:37:12 [main] WARN  r.g.a.s.ResourceValidationService - ? Файл с обучающими данными не найден: training/query_training_data.jsonl
2026-10-02 11:37:12 [main] ERROR r.g.a.s.RepairInstructionsService - Файл training/repair_instructions.json не найден в classpath
2026-10-02 11:37:12 [main] INFO  r.g.a.s.OptimizedModelTrainingService - Инициализация оптимизированного сервиса обучения
2026-10-02 11:37:12 [main] WARN  o.s.b.a.o.j.JpaBaseConfiguration$JpaWebConfiguration - spring.jpa.open-in-view is enabled by default. Therefore, database queries may be performed during view rendering. Explicitly configure spring.jpa.open-in-view to disable this warning
2026-10-02 11:37:12 [main] INFO  o.s.b.w.e.tomcat.TomcatWebServer - Tomcat started on port 8080 (http) with context path '/'
2026-10-02 11:37:12 [main] INFO  r.g.a.AssistantCoreApplication - Started AssistantCoreApplication in 3.99 seconds (process running for 4.183)
2026-10-02 11:37:12 [main] DEBUG r.g.a.config.DatabaseConfig$1 - Executing SQL statement [CREATE TABLE IF NOT EXISTS energy_steam_hourly_value (
    id BIGINT AUTO_INCREMENT PRIMARY KEY,
    fact_time DATETIME NOT NULL,
    consumer_code VARCHAR(64) NOT NULL,
    consumer_label VARCHAR(128) NOT NULL,
    flow_value DECIMAL(24, 8) NULL,
    temp_c DECIMAL(24, 8) NULL,
    pressure_mpa DECIMAL(24, 8) NULL,
    mass_t DECIMAL(24, 8) NULL,
    source_file VARCHAR(512) NULL,
    created_at TIMESTAMP NOT NULL DEFAULT CURRENT_TIMESTAMP,
    UNIQUE KEY uk_energy_steam_time_consumer (fact_time, consumer_code),
    KEY idx_energy_steam_time (fact_time),
    KEY idx_energy_steam_consumer_time (consumer_code, fact_time)
) ENGINE=InnoDB DEFAULT CHARSET=utf8mb4
]
2026-10-02 11:37:12 [main] DEBUG r.g.a.config.DatabaseConfig$1 - SQLWarning ignored: SQL state '42S01', error code '1050', message [Table 'energy_steam_hourly_value' already exists]
2026-10-02 11:37:12 [main] INFO  r.g.a.e.EnergySteamHourlySchemaInitializer - Таблица energy_steam_hourly_value проверена/создана
2026-10-02 11:37:12 [main] DEBUG r.g.a.config.DatabaseConfig$1 - Executing SQL statement [CREATE TABLE IF NOT EXISTS energy_air_hourly_value (
    id BIGINT AUTO_INCREMENT PRIMARY KEY,
    fact_time DATETIME NOT NULL,
    building_code VARCHAR(32) NOT NULL,
    building_label VARCHAR(64) NOT NULL,
    pressure_mpa DECIMAL(24, 8) NULL,
    volume_m3 DECIMAL(24, 8) NULL,
    source_file VARCHAR(512) NULL,
    created_at TIMESTAMP NOT NULL DEFAULT CURRENT_TIMESTAMP,
    UNIQUE KEY uk_energy_air_time_building (fact_time, building_code),
    KEY idx_energy_air_time (fact_time),
    KEY idx_energy_air_building_time (building_code, fact_time)
) ENGINE=InnoDB DEFAULT CHARSET=utf8mb4
]
2026-10-02 11:37:12 [main] DEBUG r.g.a.config.DatabaseConfig$1 - SQLWarning ignored: SQL state '42S01', error code '1050', message [Table 'energy_air_hourly_value' already exists]
2026-10-02 11:37:12 [main] INFO  r.g.a.e.EnergyAirSchemaInitializer - Таблица energy_air_hourly_value проверена/создана
2026-10-02 11:37:12 [main] INFO  r.g.a.service.DataInitService - ? Подключение к базе данных успешно!
2026-10-02 11:37:12 [main] INFO  r.g.a.service.DataInitService - ? Записей обслуживания: 136071
2026-10-02 11:37:12 [main] INFO  r.g.a.service.DataInitService - ?? Отчетов о поломках: 0
2026-10-02 11:37:12 [main] INFO  r.g.a.service.DataInitService - ?? Отчетов о сложных ремонтах: 309
2026-10-02 11:37:16 [http-nio-8080-exec-1] INFO  o.a.c.c.C.[Tomcat].[localhost].[/] - Initializing Spring DispatcherServlet 'dispatcherServlet'
2026-10-02 11:37:16 [http-nio-8080-exec-1] INFO  o.s.web.servlet.DispatcherServlet - Initializing Servlet 'dispatcherServlet'
2026-10-02 11:37:16 [http-nio-8080-exec-1] INFO  o.s.web.servlet.DispatcherServlet - Completed initialization in 1 ms
2026-10-02 11:37:58 [http-nio-8080-exec-8] DEBUG r.g.a.config.DatabaseConfig$1 - Executing SQL query [SELECT machine_name, SUM(TIME_TO_SEC(machine_downtime)) AS machine_downtime_seconds FROM equipment_maintenance_records WHERE week_number = WEEK(CURDATE(), 3) AND YEAR(start_bd_t1) = YEAR(CURDATE()) AND failure_type <> 'Другие' GROUP BY machine_name ORDER BY SUM(TIME_TO_SEC(machine_downtime)) DESC LIMIT 4]
2026-10-02 11:37:58 [http-nio-8080-exec-5] DEBUG r.g.a.config.DatabaseConfig$1 - Executing SQL query [SELECT machine_name, SUM(TIME_TO_SEC(machine_downtime)) AS machine_downtime_seconds FROM equipment_maintenance_records WHERE week_number = WEEK(CURDATE(), 3) AND YEAR(start_bd_t1) = YEAR(CURDATE()) AND failure_type <> 'Другие' AND machine_name IN ('Mixer GK 270 T-C 2.1', 'Mixer GK 320 E 1.1', 'Calender Complex Berstorf - 01', 'Bandina - 01', 'Duplex - 01', 'Calender Comerio Ercole - 01', 'VMI APEX - 01', 'VMI APEX - 02', 'Trafila Quadruplex - 01', 'Bartell Bead Machine - 01', 'TTM fisher belt cutting - 01', 'VMI TPCS 1600-1000') GROUP BY machine_name ORDER BY SUM(TIME_TO_SEC(machine_downtime)) DESC LIMIT 4]
2026-10-02 11:37:58 [http-nio-8080-exec-7] DEBUG r.g.a.config.DatabaseConfig$1 - Executing prepared SQL query
2026-10-02 11:37:58 [http-nio-8080-exec-6] DEBUG r.g.a.config.DatabaseConfig$1 - Executing prepared SQL query
2026-10-02 11:37:58 [http-nio-8080-exec-3] DEBUG r.g.a.config.DatabaseConfig$1 - Executing prepared SQL query
2026-10-02 11:37:58 [http-nio-8080-exec-10] DEBUG r.g.a.config.DatabaseConfig$1 - Executing prepared SQL query
2026-10-02 11:37:58 [http-nio-8080-exec-3] DEBUG r.g.a.config.DatabaseConfig$1 - Executing prepared SQL statement [SELECT r.first_production_day, r.last_production_day FROM production_days_correction c JOIN production_days_correction_range r ON r.correction_id = c.id WHERE c.year = ? AND c.month = ? ORDER BY r.first_production_day]
2026-10-02 11:37:58 [http-nio-8080-exec-6] DEBUG r.g.a.config.DatabaseConfig$1 - Executing prepared SQL statement [SELECT r.first_production_day, r.last_production_day FROM production_days_correction c JOIN production_days_correction_range r ON r.correction_id = c.id WHERE c.year = ? AND c.month = ? ORDER BY r.first_production_day]
2026-10-02 11:37:58 [http-nio-8080-exec-7] DEBUG r.g.a.config.DatabaseConfig$1 - Executing prepared SQL statement [SELECT r.first_production_day, r.last_production_day FROM production_days_correction c JOIN production_days_correction_range r ON r.correction_id = c.id WHERE c.year = ? AND c.month = ? ORDER BY r.first_production_day]
2026-10-02 11:37:58 [http-nio-8080-exec-10] DEBUG r.g.a.config.DatabaseConfig$1 - Executing prepared SQL statement [SELECT production_day, quantity_pm_planned AS plan, quantity_pm_close AS fact, quantity_tag AS tag FROM report_plant WHERE YEAR(STR_TO_DATE(production_day, '%d.%m.%Y')) = ? AND MONTH(STR_TO_DATE(production_day, '%d.%m.%Y')) = ? ORDER BY STR_TO_DATE(production_day, '%d.%m.%Y')]
2026-10-02 11:37:58 [http-nio-8080-exec-3] DEBUG r.g.a.config.DatabaseConfig$1 - Executing prepared SQL query
2026-10-02 11:37:58 [http-nio-8080-exec-6] DEBUG r.g.a.config.DatabaseConfig$1 - Executing prepared SQL query
2026-10-02 11:37:58 [http-nio-8080-exec-3] DEBUG r.g.a.config.DatabaseConfig$1 - Executing prepared SQL statement [SELECT production_day, availability FROM report_plant WHERE YEAR(STR_TO_DATE(production_day, '%d.%m.%Y')) = ? AND MONTH(STR_TO_DATE(production_day, '%d.%m.%Y')) = ? ORDER BY STR_TO_DATE(production_day, '%d.%m.%Y')]
2026-10-02 11:37:58 [http-nio-8080-exec-7] DEBUG r.g.a.config.DatabaseConfig$1 - Executing prepared SQL query
2026-10-02 11:37:58 [http-nio-8080-exec-6] DEBUG r.g.a.config.DatabaseConfig$1 - Executing prepared SQL statement [SELECT production_day, downtime_percentage FROM report_plant WHERE YEAR(STR_TO_DATE(production_day, '%d.%m.%Y')) = ? AND MONTH(STR_TO_DATE(production_day, '%d.%m.%Y')) = ? ORDER BY STR_TO_DATE(production_day, '%d.%m.%Y')]
2026-10-02 11:37:58 [http-nio-8080-exec-7] DEBUG r.g.a.config.DatabaseConfig$1 - Executing prepared SQL statement [SELECT AVG(downtime_percentage) as bd FROM report_new_mixing_area WHERE production_day = ?]
2026-10-02 11:37:58 [http-nio-8080-exec-7] DEBUG r.g.a.config.DatabaseConfig$1 - Executing prepared SQL query
2026-10-02 11:37:58 [http-nio-8080-exec-7] DEBUG r.g.a.config.DatabaseConfig$1 - Executing prepared SQL statement [SELECT AVG(downtime_percentage) as bd FROM report_new_mixing_area WHERE YEAR(STR_TO_DATE(production_day, '%d.%m.%Y')) = ? AND MONTH(STR_TO_DATE(production_day, '%d.%m.%Y')) = ?]
2026-10-02 11:37:58 [http-nio-8080-exec-7] DEBUG r.g.a.config.DatabaseConfig$1 - Executing prepared SQL query
2026-10-02 11:37:58 [http-nio-8080-exec-7] DEBUG r.g.a.config.DatabaseConfig$1 - Executing prepared SQL statement [SELECT AVG(availability) FROM report_new_mixing_area WHERE production_day = ?]
2026-10-02 11:37:58 [http-nio-8080-exec-7] DEBUG r.g.a.config.DatabaseConfig$1 - Executing prepared SQL query
2026-10-02 11:37:58 [http-nio-8080-exec-7] DEBUG r.g.a.config.DatabaseConfig$1 - Executing prepared SQL statement [SELECT AVG(availability) FROM report_new_mixing_area WHERE YEAR(STR_TO_DATE(production_day, '%d.%m.%Y')) = ? AND MONTH(STR_TO_DATE(production_day, '%d.%m.%Y')) = ?]
2026-10-02 11:37:58 [http-nio-8080-exec-7] DEBUG r.g.a.config.DatabaseConfig$1 - Executing prepared SQL query
2026-10-02 11:37:58 [http-nio-8080-exec-7] DEBUG r.g.a.config.DatabaseConfig$1 - Executing prepared SQL statement [SELECT AVG(downtime_percentage) as bd FROM report_semifinishing_area WHERE production_day = ?]
2026-10-02 11:37:58 [http-nio-8080-exec-7] DEBUG r.g.a.config.DatabaseConfig$1 - Executing prepared SQL query
2026-10-02 11:37:58 [http-nio-8080-exec-7] DEBUG r.g.a.config.DatabaseConfig$1 - Executing prepared SQL statement [SELECT AVG(downtime_percentage) as bd FROM report_semifinishing_area WHERE YEAR(STR_TO_DATE(production_day, '%d.%m.%Y')) = ? AND MONTH(STR_TO_DATE(production_day, '%d.%m.%Y')) = ?]
2026-10-02 11:37:58 [http-nio-8080-exec-7] DEBUG r.g.a.config.DatabaseConfig$1 - Executing prepared SQL query
2026-10-02 11:37:58 [http-nio-8080-exec-7] DEBUG r.g.a.config.DatabaseConfig$1 - Executing prepared SQL statement [SELECT AVG(availability) FROM report_semifinishing_area WHERE production_day = ?]
2026-10-02 11:37:58 [http-nio-8080-exec-7] DEBUG r.g.a.config.DatabaseConfig$1 - Executing prepared SQL query
2026-10-02 11:37:58 [http-nio-8080-exec-7] DEBUG r.g.a.config.DatabaseConfig$1 - Executing prepared SQL statement [SELECT AVG(availability) FROM report_semifinishing_area WHERE YEAR(STR_TO_DATE(production_day, '%d.%m.%Y')) = ? AND MONTH(STR_TO_DATE(production_day, '%d.%m.%Y')) = ?]
2026-10-02 11:37:58 [http-nio-8080-exec-7] DEBUG r.g.a.config.DatabaseConfig$1 - Executing prepared SQL query
2026-10-02 11:37:58 [http-nio-8080-exec-7] DEBUG r.g.a.config.DatabaseConfig$1 - Executing prepared SQL statement [SELECT AVG(downtime_percentage) as bd FROM report_building_area WHERE production_day = ?]
2026-10-02 11:37:58 [http-nio-8080-exec-7] DEBUG r.g.a.config.DatabaseConfig$1 - Executing prepared SQL query
2026-10-02 11:37:58 [http-nio-8080-exec-7] DEBUG r.g.a.config.DatabaseConfig$1 - Executing prepared SQL statement [SELECT AVG(downtime_percentage) as bd FROM report_building_area WHERE YEAR(STR_TO_DATE(production_day, '%d.%m.%Y')) = ? AND MONTH(STR_TO_DATE(production_day, '%d.%m.%Y')) = ?]
2026-10-02 11:37:58 [http-nio-8080-exec-7] DEBUG r.g.a.config.DatabaseConfig$1 - Executing prepared SQL query
2026-10-02 11:37:58 [http-nio-8080-exec-7] DEBUG r.g.a.config.DatabaseConfig$1 - Executing prepared SQL statement [SELECT AVG(availability) FROM report_building_area WHERE production_day = ?]
2026-10-02 11:37:58 [http-nio-8080-exec-7] DEBUG r.g.a.config.DatabaseConfig$1 - Executing prepared SQL query
2026-10-02 11:37:58 [http-nio-8080-exec-7] DEBUG r.g.a.config.DatabaseConfig$1 - Executing prepared SQL statement [SELECT AVG(availability) FROM report_building_area WHERE YEAR(STR_TO_DATE(production_day, '%d.%m.%Y')) = ? AND MONTH(STR_TO_DATE(production_day, '%d.%m.%Y')) = ?]
2026-10-02 11:37:58 [http-nio-8080-exec-7] DEBUG r.g.a.config.DatabaseConfig$1 - Executing prepared SQL query
2026-10-02 11:37:58 [http-nio-8080-exec-7] DEBUG r.g.a.config.DatabaseConfig$1 - Executing prepared SQL statement [SELECT AVG(downtime_percentage) as bd FROM report_curing_area WHERE production_day = ?]
2026-10-02 11:37:58 [http-nio-8080-exec-7] DEBUG r.g.a.config.DatabaseConfig$1 - Executing prepared SQL query
2026-10-02 11:37:58 [http-nio-8080-exec-7] DEBUG r.g.a.config.DatabaseConfig$1 - Executing prepared SQL statement [SELECT AVG(downtime_percentage) as bd FROM report_curing_area WHERE YEAR(STR_TO_DATE(production_day, '%d.%m.%Y')) = ? AND MONTH(STR_TO_DATE(production_day, '%d.%m.%Y')) = ?]
2026-10-02 11:37:58 [http-nio-8080-exec-7] DEBUG r.g.a.config.DatabaseConfig$1 - Executing prepared SQL query
2026-10-02 11:37:58 [http-nio-8080-exec-7] DEBUG r.g.a.config.DatabaseConfig$1 - Executing prepared SQL statement [SELECT AVG(availability) FROM report_curing_area WHERE production_day = ?]
2026-10-02 11:37:58 [http-nio-8080-exec-7] DEBUG r.g.a.config.DatabaseConfig$1 - Executing prepared SQL query
2026-10-02 11:37:58 [http-nio-8080-exec-7] DEBUG r.g.a.config.DatabaseConfig$1 - Executing prepared SQL statement [SELECT AVG(availability) FROM report_curing_area WHERE YEAR(STR_TO_DATE(production_day, '%d.%m.%Y')) = ? AND MONTH(STR_TO_DATE(production_day, '%d.%m.%Y')) = ?]
2026-10-02 11:37:58 [http-nio-8080-exec-7] DEBUG r.g.a.config.DatabaseConfig$1 - Executing prepared SQL query
2026-10-02 11:37:58 [http-nio-8080-exec-7] DEBUG r.g.a.config.DatabaseConfig$1 - Executing prepared SQL statement [SELECT AVG(downtime_percentage) as bd FROM report_finishig_area WHERE production_day = ?]
2026-10-02 11:37:58 [http-nio-8080-exec-7] DEBUG r.g.a.config.DatabaseConfig$1 - Executing prepared SQL query
2026-10-02 11:37:58 [http-nio-8080-exec-7] DEBUG r.g.a.config.DatabaseConfig$1 - Executing prepared SQL statement [SELECT AVG(downtime_percentage) as bd FROM report_finishig_area WHERE YEAR(STR_TO_DATE(production_day, '%d.%m.%Y')) = ? AND MONTH(STR_TO_DATE(production_day, '%d.%m.%Y')) = ?]
2026-10-02 11:37:58 [http-nio-8080-exec-7] DEBUG r.g.a.config.DatabaseConfig$1 - Executing prepared SQL query
2026-10-02 11:37:58 [http-nio-8080-exec-7] DEBUG r.g.a.config.DatabaseConfig$1 - Executing prepared SQL statement [SELECT AVG(availability) FROM report_finishig_area WHERE production_day = ?]
2026-10-02 11:37:58 [http-nio-8080-exec-7] DEBUG r.g.a.config.DatabaseConfig$1 - Executing prepared SQL query
2026-10-02 11:37:58 [http-nio-8080-exec-7] DEBUG r.g.a.config.DatabaseConfig$1 - Executing prepared SQL statement [SELECT AVG(availability) FROM report_finishig_area WHERE YEAR(STR_TO_DATE(production_day, '%d.%m.%Y')) = ? AND MONTH(STR_TO_DATE(production_day, '%d.%m.%Y')) = ?]
2026-10-02 11:37:58 [http-nio-8080-exec-7] DEBUG r.g.a.config.DatabaseConfig$1 - Executing prepared SQL query
2026-10-02 11:37:58 [http-nio-8080-exec-7] DEBUG r.g.a.config.DatabaseConfig$1 - Executing prepared SQL statement [SELECT AVG(downtime_percentage) as bd FROM report_modules WHERE production_day = ?]
2026-10-02 11:37:58 [http-nio-8080-exec-7] DEBUG r.g.a.config.DatabaseConfig$1 - Executing prepared SQL query
2026-10-02 11:37:58 [http-nio-8080-exec-7] DEBUG r.g.a.config.DatabaseConfig$1 - Executing prepared SQL statement [SELECT AVG(downtime_percentage) as bd FROM report_modules WHERE YEAR(STR_TO_DATE(production_day, '%d.%m.%Y')) = ? AND MONTH(STR_TO_DATE(production_day, '%d.%m.%Y')) = ?]
2026-10-02 11:37:58 [http-nio-8080-exec-7] DEBUG r.g.a.config.DatabaseConfig$1 - Executing prepared SQL query
2026-10-02 11:37:58 [http-nio-8080-exec-7] DEBUG r.g.a.config.DatabaseConfig$1 - Executing prepared SQL statement [SELECT AVG(availability) FROM report_modules WHERE production_day = ?]
2026-10-02 11:37:58 [http-nio-8080-exec-7] DEBUG r.g.a.config.DatabaseConfig$1 - Executing prepared SQL query
2026-10-02 11:37:58 [http-nio-8080-exec-7] DEBUG r.g.a.config.DatabaseConfig$1 - Executing prepared SQL statement [SELECT AVG(availability) FROM report_modules WHERE YEAR(STR_TO_DATE(production_day, '%d.%m.%Y')) = ? AND MONTH(STR_TO_DATE(production_day, '%d.%m.%Y')) = ?]
2026-10-02 11:37:58 [http-nio-8080-exec-7] DEBUG r.g.a.config.DatabaseConfig$1 - Executing prepared SQL query
2026-10-02 11:37:58 [http-nio-8080-exec-7] DEBUG r.g.a.config.DatabaseConfig$1 - Executing prepared SQL statement [SELECT AVG(downtime_percentage) as bd FROM report_plant WHERE production_day = ?]
2026-10-02 11:37:58 [http-nio-8080-exec-7] DEBUG r.g.a.config.DatabaseConfig$1 - Executing prepared SQL query
2026-10-02 11:37:58 [http-nio-8080-exec-7] DEBUG r.g.a.config.DatabaseConfig$1 - Executing prepared SQL statement [SELECT AVG(downtime_percentage) as bd FROM report_plant WHERE YEAR(STR_TO_DATE(production_day, '%d.%m.%Y')) = ? AND MONTH(STR_TO_DATE(production_day, '%d.%m.%Y')) = ?]
2026-10-02 11:37:58 [http-nio-8080-exec-7] DEBUG r.g.a.config.DatabaseConfig$1 - Executing prepared SQL query
2026-10-02 11:37:58 [http-nio-8080-exec-7] DEBUG r.g.a.config.DatabaseConfig$1 - Executing prepared SQL statement [SELECT AVG(availability) FROM report_plant WHERE production_day = ?]
2026-10-02 11:37:58 [http-nio-8080-exec-7] DEBUG r.g.a.config.DatabaseConfig$1 - Executing prepared SQL query
2026-10-02 11:37:58 [http-nio-8080-exec-7] DEBUG r.g.a.config.DatabaseConfig$1 - Executing prepared SQL statement [SELECT AVG(availability) FROM report_plant WHERE YEAR(STR_TO_DATE(production_day, '%d.%m.%Y')) = ? AND MONTH(STR_TO_DATE(production_day, '%d.%m.%Y')) = ?]
2026-10-02 11:44:02 [http-nio-8080-exec-8] DEBUG r.g.a.config.DatabaseConfig$1 - Executing SQL query [SELECT machine_name, SUM(TIME_TO_SEC(machine_downtime)) AS machine_downtime_seconds FROM equipment_maintenance_records WHERE week_number = WEEK(CURDATE(), 3) AND YEAR(start_bd_t1) = YEAR(CURDATE()) AND failure_type <> 'Другие' GROUP BY machine_name ORDER BY SUM(TIME_TO_SEC(machine_downtime)) DESC LIMIT 4]
2026-10-02 11:44:02 [http-nio-8080-exec-1] DEBUG r.g.a.config.DatabaseConfig$1 - Executing SQL query [SELECT machine_name, SUM(TIME_TO_SEC(machine_downtime)) AS machine_downtime_seconds FROM equipment_maintenance_records WHERE week_number = WEEK(CURDATE(), 3) AND YEAR(start_bd_t1) = YEAR(CURDATE()) AND failure_type <> 'Другие' AND machine_name IN ('Mixer GK 270 T-C 2.1', 'Mixer GK 320 E 1.1', 'Calender Complex Berstorf - 01', 'Bandina - 01', 'Duplex - 01', 'Calender Comerio Ercole - 01', 'VMI APEX - 01', 'VMI APEX - 02', 'Trafila Quadruplex - 01', 'Bartell Bead Machine - 01', 'TTM fisher belt cutting - 01', 'VMI TPCS 1600-1000') GROUP BY machine_name ORDER BY SUM(TIME_TO_SEC(machine_downtime)) DESC LIMIT 4]
2026-10-02 11:44:02 [http-nio-8080-exec-5] DEBUG r.g.a.config.DatabaseConfig$1 - Executing prepared SQL query
2026-10-02 11:44:02 [http-nio-8080-exec-6] DEBUG r.g.a.config.DatabaseConfig$1 - Executing prepared SQL query
2026-10-02 11:44:02 [http-nio-8080-exec-7] DEBUG r.g.a.config.DatabaseConfig$1 - Executing prepared SQL query
2026-10-02 11:44:02 [http-nio-8080-exec-3] DEBUG r.g.a.config.DatabaseConfig$1 - Executing prepared SQL query
2026-10-02 11:44:03 [http-nio-8080-exec-5] DEBUG r.g.a.config.DatabaseConfig$1 - Executing prepared SQL statement [SELECT r.first_production_day, r.last_production_day FROM production_days_correction c JOIN production_days_correction_range r ON r.correction_id = c.id WHERE c.year = ? AND c.month = ? ORDER BY r.first_production_day]
2026-10-02 11:44:03 [http-nio-8080-exec-6] DEBUG r.g.a.config.DatabaseConfig$1 - Executing prepared SQL statement [SELECT production_day, quantity_pm_planned AS plan, quantity_pm_close AS fact, quantity_tag AS tag FROM report_plant WHERE YEAR(STR_TO_DATE(production_day, '%d.%m.%Y')) = ? AND MONTH(STR_TO_DATE(production_day, '%d.%m.%Y')) = ? ORDER BY STR_TO_DATE(production_day, '%d.%m.%Y')]
2026-10-02 11:44:03 [http-nio-8080-exec-7] DEBUG r.g.a.config.DatabaseConfig$1 - Executing prepared SQL statement [SELECT r.first_production_day, r.last_production_day FROM production_days_correction c JOIN production_days_correction_range r ON r.correction_id = c.id WHERE c.year = ? AND c.month = ? ORDER BY r.first_production_day]
2026-10-02 11:44:03 [http-nio-8080-exec-3] DEBUG r.g.a.config.DatabaseConfig$1 - Executing prepared SQL statement [SELECT r.first_production_day, r.last_production_day FROM production_days_correction c JOIN production_days_correction_range r ON r.correction_id = c.id WHERE c.year = ? AND c.month = ? ORDER BY r.first_production_day]
2026-10-02 11:44:03 [http-nio-8080-exec-5] DEBUG r.g.a.config.DatabaseConfig$1 - Executing prepared SQL query
2026-10-02 11:44:03 [http-nio-8080-exec-3] DEBUG r.g.a.config.DatabaseConfig$1 - Executing prepared SQL query
2026-10-02 11:44:03 [http-nio-8080-exec-7] DEBUG r.g.a.config.DatabaseConfig$1 - Executing prepared SQL query
2026-10-02 11:44:03 [http-nio-8080-exec-5] DEBUG r.g.a.config.DatabaseConfig$1 - Executing prepared SQL statement [SELECT production_day, availability FROM report_plant WHERE YEAR(STR_TO_DATE(production_day, '%d.%m.%Y')) = ? AND MONTH(STR_TO_DATE(production_day, '%d.%m.%Y')) = ? ORDER BY STR_TO_DATE(production_day, '%d.%m.%Y')]
2026-10-02 11:44:03 [http-nio-8080-exec-3] DEBUG r.g.a.config.DatabaseConfig$1 - Executing prepared SQL statement [SELECT AVG(downtime_percentage) as bd FROM report_new_mixing_area WHERE production_day = ?]
2026-10-02 11:44:03 [http-nio-8080-exec-7] DEBUG r.g.a.config.DatabaseConfig$1 - Executing prepared SQL statement [SELECT production_day, downtime_percentage FROM report_plant WHERE YEAR(STR_TO_DATE(production_day, '%d.%m.%Y')) = ? AND MONTH(STR_TO_DATE(production_day, '%d.%m.%Y')) = ? ORDER BY STR_TO_DATE(production_day, '%d.%m.%Y')]
2026-10-02 11:44:03 [http-nio-8080-exec-3] DEBUG r.g.a.config.DatabaseConfig$1 - Executing prepared SQL query
2026-10-02 11:44:03 [http-nio-8080-exec-3] DEBUG r.g.a.config.DatabaseConfig$1 - Executing prepared SQL statement [SELECT AVG(downtime_percentage) as bd FROM report_new_mixing_area WHERE YEAR(STR_TO_DATE(production_day, '%d.%m.%Y')) = ? AND MONTH(STR_TO_DATE(production_day, '%d.%m.%Y')) = ?]
2026-10-02 11:44:03 [http-nio-8080-exec-3] DEBUG r.g.a.config.DatabaseConfig$1 - Executing prepared SQL query
2026-10-02 11:44:03 [http-nio-8080-exec-3] DEBUG r.g.a.config.DatabaseConfig$1 - Executing prepared SQL statement [SELECT AVG(availability) FROM report_new_mixing_area WHERE production_day = ?]
2026-10-02 11:44:03 [http-nio-8080-exec-3] DEBUG r.g.a.config.DatabaseConfig$1 - Executing prepared SQL query
2026-10-02 11:44:03 [http-nio-8080-exec-3] DEBUG r.g.a.config.DatabaseConfig$1 - Executing prepared SQL statement [SELECT AVG(availability) FROM report_new_mixing_area WHERE YEAR(STR_TO_DATE(production_day, '%d.%m.%Y')) = ? AND MONTH(STR_TO_DATE(production_day, '%d.%m.%Y')) = ?]
2026-10-02 11:44:03 [http-nio-8080-exec-3] DEBUG r.g.a.config.DatabaseConfig$1 - Executing prepared SQL query
2026-10-02 11:44:03 [http-nio-8080-exec-3] DEBUG r.g.a.config.DatabaseConfig$1 - Executing prepared SQL statement [SELECT AVG(downtime_percentage) as bd FROM report_semifinishing_area WHERE production_day = ?]
2026-10-02 11:44:03 [http-nio-8080-exec-3] DEBUG r.g.a.config.DatabaseConfig$1 - Executing prepared SQL query
2026-10-02 11:44:03 [http-nio-8080-exec-3] DEBUG r.g.a.config.DatabaseConfig$1 - Executing prepared SQL statement [SELECT AVG(downtime_percentage) as bd FROM report_semifinishing_area WHERE YEAR(STR_TO_DATE(production_day, '%d.%m.%Y')) = ? AND MONTH(STR_TO_DATE(production_day, '%d.%m.%Y')) = ?]
2026-10-02 11:44:03 [http-nio-8080-exec-3] DEBUG r.g.a.config.DatabaseConfig$1 - Executing prepared SQL query
2026-10-02 11:44:03 [http-nio-8080-exec-3] DEBUG r.g.a.config.DatabaseConfig$1 - Executing prepared SQL statement [SELECT AVG(availability) FROM report_semifinishing_area WHERE production_day = ?]
2026-10-02 11:44:03 [http-nio-8080-exec-3] DEBUG r.g.a.config.DatabaseConfig$1 - Executing prepared SQL query
2026-10-02 11:44:03 [http-nio-8080-exec-3] DEBUG r.g.a.config.DatabaseConfig$1 - Executing prepared SQL statement [SELECT AVG(availability) FROM report_semifinishing_area WHERE YEAR(STR_TO_DATE(production_day, '%d.%m.%Y')) = ? AND MONTH(STR_TO_DATE(production_day, '%d.%m.%Y')) = ?]
2026-10-02 11:44:03 [http-nio-8080-exec-3] DEBUG r.g.a.config.DatabaseConfig$1 - Executing prepared SQL query
2026-10-02 11:44:03 [http-nio-8080-exec-3] DEBUG r.g.a.config.DatabaseConfig$1 - Executing prepared SQL statement [SELECT AVG(downtime_percentage) as bd FROM report_building_area WHERE production_day = ?]
2026-10-02 11:44:03 [http-nio-8080-exec-3] DEBUG r.g.a.config.DatabaseConfig$1 - Executing prepared SQL query
2026-10-02 11:44:03 [http-nio-8080-exec-3] DEBUG r.g.a.config.DatabaseConfig$1 - Executing prepared SQL statement [SELECT AVG(downtime_percentage) as bd FROM report_building_area WHERE YEAR(STR_TO_DATE(production_day, '%d.%m.%Y')) = ? AND MONTH(STR_TO_DATE(production_day, '%d.%m.%Y')) = ?]
2026-10-02 11:44:03 [http-nio-8080-exec-3] DEBUG r.g.a.config.DatabaseConfig$1 - Executing prepared SQL query
2026-10-02 11:44:03 [http-nio-8080-exec-3] DEBUG r.g.a.config.DatabaseConfig$1 - Executing prepared SQL statement [SELECT AVG(availability) FROM report_building_area WHERE production_day = ?]
2026-10-02 11:44:03 [http-nio-8080-exec-3] DEBUG r.g.a.config.DatabaseConfig$1 - Executing prepared SQL query
2026-10-02 11:44:03 [http-nio-8080-exec-3] DEBUG r.g.a.config.DatabaseConfig$1 - Executing prepared SQL statement [SELECT AVG(availability) FROM report_building_area WHERE YEAR(STR_TO_DATE(production_day, '%d.%m.%Y')) = ? AND MONTH(STR_TO_DATE(production_day, '%d.%m.%Y')) = ?]
2026-10-02 11:44:03 [http-nio-8080-exec-3] DEBUG r.g.a.config.DatabaseConfig$1 - Executing prepared SQL query
2026-10-02 11:44:03 [http-nio-8080-exec-3] DEBUG r.g.a.config.DatabaseConfig$1 - Executing prepared SQL statement [SELECT AVG(downtime_percentage) as bd FROM report_curing_area WHERE production_day = ?]
2026-10-02 11:44:03 [http-nio-8080-exec-3] DEBUG r.g.a.config.DatabaseConfig$1 - Executing prepared SQL query
2026-10-02 11:44:03 [http-nio-8080-exec-3] DEBUG r.g.a.config.DatabaseConfig$1 - Executing prepared SQL statement [SELECT AVG(downtime_percentage) as bd FROM report_curing_area WHERE YEAR(STR_TO_DATE(production_day, '%d.%m.%Y')) = ? AND MONTH(STR_TO_DATE(production_day, '%d.%m.%Y')) = ?]
2026-10-02 11:44:03 [http-nio-8080-exec-3] DEBUG r.g.a.config.DatabaseConfig$1 - Executing prepared SQL query
2026-10-02 11:44:03 [http-nio-8080-exec-3] DEBUG r.g.a.config.DatabaseConfig$1 - Executing prepared SQL statement [SELECT AVG(availability) FROM report_curing_area WHERE production_day = ?]
2026-10-02 11:44:03 [http-nio-8080-exec-3] DEBUG r.g.a.config.DatabaseConfig$1 - Executing prepared SQL query
2026-10-02 11:44:03 [http-nio-8080-exec-3] DEBUG r.g.a.config.DatabaseConfig$1 - Executing prepared SQL statement [SELECT AVG(availability) FROM report_curing_area WHERE YEAR(STR_TO_DATE(production_day, '%d.%m.%Y')) = ? AND MONTH(STR_TO_DATE(production_day, '%d.%m.%Y')) = ?]
2026-10-02 11:44:03 [http-nio-8080-exec-3] DEBUG r.g.a.config.DatabaseConfig$1 - Executing prepared SQL query
2026-10-02 11:44:03 [http-nio-8080-exec-3] DEBUG r.g.a.config.DatabaseConfig$1 - Executing prepared SQL statement [SELECT AVG(downtime_percentage) as bd FROM report_finishig_area WHERE production_day = ?]
2026-10-02 11:44:03 [http-nio-8080-exec-3] DEBUG r.g.a.config.DatabaseConfig$1 - Executing prepared SQL query
2026-10-02 11:44:03 [http-nio-8080-exec-3] DEBUG r.g.a.config.DatabaseConfig$1 - Executing prepared SQL statement [SELECT AVG(downtime_percentage) as bd FROM report_finishig_area WHERE YEAR(STR_TO_DATE(production_day, '%d.%m.%Y')) = ? AND MONTH(STR_TO_DATE(production_day, '%d.%m.%Y')) = ?]
2026-10-02 11:44:03 [http-nio-8080-exec-3] DEBUG r.g.a.config.DatabaseConfig$1 - Executing prepared SQL query
2026-10-02 11:44:03 [http-nio-8080-exec-3] DEBUG r.g.a.config.DatabaseConfig$1 - Executing prepared SQL statement [SELECT AVG(availability) FROM report_finishig_area WHERE production_day = ?]
2026-10-02 11:44:03 [http-nio-8080-exec-3] DEBUG r.g.a.config.DatabaseConfig$1 - Executing prepared SQL query
2026-10-02 11:44:03 [http-nio-8080-exec-3] DEBUG r.g.a.config.DatabaseConfig$1 - Executing prepared SQL statement [SELECT AVG(availability) FROM report_finishig_area WHERE YEAR(STR_TO_DATE(production_day, '%d.%m.%Y')) = ? AND MONTH(STR_TO_DATE(production_day, '%d.%m.%Y')) = ?]
2026-10-02 11:44:03 [http-nio-8080-exec-3] DEBUG r.g.a.config.DatabaseConfig$1 - Executing prepared SQL query
2026-10-02 11:44:03 [http-nio-8080-exec-3] DEBUG r.g.a.config.DatabaseConfig$1 - Executing prepared SQL statement [SELECT AVG(downtime_percentage) as bd FROM report_modules WHERE production_day = ?]
2026-10-02 11:44:03 [http-nio-8080-exec-3] DEBUG r.g.a.config.DatabaseConfig$1 - Executing prepared SQL query
2026-10-02 11:44:03 [http-nio-8080-exec-3] DEBUG r.g.a.config.DatabaseConfig$1 - Executing prepared SQL statement [SELECT AVG(downtime_percentage) as bd FROM report_modules WHERE YEAR(STR_TO_DATE(production_day, '%d.%m.%Y')) = ? AND MONTH(STR_TO_DATE(production_day, '%d.%m.%Y')) = ?]
2026-10-02 11:44:03 [http-nio-8080-exec-3] DEBUG r.g.a.config.DatabaseConfig$1 - Executing prepared SQL query
2026-10-02 11:44:03 [http-nio-8080-exec-3] DEBUG r.g.a.config.DatabaseConfig$1 - Executing prepared SQL statement [SELECT AVG(availability) FROM report_modules WHERE production_day = ?]
2026-10-02 11:44:03 [http-nio-8080-exec-3] DEBUG r.g.a.config.DatabaseConfig$1 - Executing prepared SQL query
2026-10-02 11:44:03 [http-nio-8080-exec-3] DEBUG r.g.a.config.DatabaseConfig$1 - Executing prepared SQL statement [SELECT AVG(availability) FROM report_modules WHERE YEAR(STR_TO_DATE(production_day, '%d.%m.%Y')) = ? AND MONTH(STR_TO_DATE(production_day, '%d.%m.%Y')) = ?]
2026-10-02 11:44:03 [http-nio-8080-exec-3] DEBUG r.g.a.config.DatabaseConfig$1 - Executing prepared SQL query
2026-10-02 11:44:03 [http-nio-8080-exec-3] DEBUG r.g.a.config.DatabaseConfig$1 - Executing prepared SQL statement [SELECT AVG(downtime_percentage) as bd FROM report_plant WHERE production_day = ?]
2026-10-02 11:44:03 [http-nio-8080-exec-3] DEBUG r.g.a.config.DatabaseConfig$1 - Executing prepared SQL query
2026-10-02 11:44:03 [http-nio-8080-exec-3] DEBUG r.g.a.config.DatabaseConfig$1 - Executing prepared SQL statement [SELECT AVG(downtime_percentage) as bd FROM report_plant WHERE YEAR(STR_TO_DATE(production_day, '%d.%m.%Y')) = ? AND MONTH(STR_TO_DATE(production_day, '%d.%m.%Y')) = ?]
2026-10-02 11:44:03 [http-nio-8080-exec-3] DEBUG r.g.a.config.DatabaseConfig$1 - Executing prepared SQL query
2026-10-02 11:44:03 [http-nio-8080-exec-3] DEBUG r.g.a.config.DatabaseConfig$1 - Executing prepared SQL statement [SELECT AVG(availability) FROM report_plant WHERE production_day = ?]
2026-10-02 11:44:03 [http-nio-8080-exec-3] DEBUG r.g.a.config.DatabaseConfig$1 - Executing prepared SQL query
2026-10-02 11:44:03 [http-nio-8080-exec-3] DEBUG r.g.a.config.DatabaseConfig$1 - Executing prepared SQL statement [SELECT AVG(availability) FROM report_plant WHERE YEAR(STR_TO_DATE(production_day, '%d.%m.%Y')) = ? AND MONTH(STR_TO_DATE(production_day, '%d.%m.%Y')) = ?]
2026-10-02 11:44:09 [http-nio-8080-exec-4] DEBUG r.g.a.config.DatabaseConfig$1 - Executing SQL query [SELECT DISTINCT YEAR(created_at) AS year FROM availability_stats ORDER BY year DESC]
2026-10-02 11:44:09 [http-nio-8080-exec-10] DEBUG r.g.a.config.DatabaseConfig$1 - Executing prepared SQL query
2026-10-02 11:44:09 [http-nio-8080-exec-10] DEBUG r.g.a.config.DatabaseConfig$1 - Executing prepared SQL statement [SELECT DISTINCT MONTH(created_at) AS month FROM availability_stats WHERE YEAR(created_at) IN (?) ORDER BY month]
2026-10-02 11:44:09 [http-nio-8080-exec-6] DEBUG r.g.a.config.DatabaseConfig$1 - Executing prepared SQL query
2026-10-02 11:44:09 [http-nio-8080-exec-6] DEBUG r.g.a.config.DatabaseConfig$1 - Executing prepared SQL statement [SELECT month, availability_percent, bd_percent, breakdowns_count, planned_repairs_percent,pm_repairs_percent, planned_repairs_count, total_repairs_count, created_at, YEAR(created_at) AS year, CONCAT(month, ' ', YEAR(created_at)) AS month_label FROM availability_stats WHERE YEAR(created_at) IN (?) AND MONTH(created_at) IN (?,?,?,?,?,?,?,?,?,?) ORDER BY created_at DESC, id DESC]
2026-10-02 11:44:09 [http-nio-8080-exec-6] DEBUG r.g.a.config.DatabaseConfig$1 - Executing prepared SQL query
2026-10-02 11:44:09 [http-nio-8080-exec-6] DEBUG r.g.a.config.DatabaseConfig$1 - Executing prepared SQL statement [SELECT YEAR(created_at) AS year, MONTH(created_at) AS month_val FROM availability_stats WHERE YEAR(created_at) IN (?) AND MONTH(created_at) IN (?,?,?,?,?,?,?,?,?,?) ORDER BY created_at DESC, id DESC]
2026-10-02 11:44:09 [http-nio-8080-exec-6] DEBUG r.g.a.service.FinalService - FinalService: orderedYearMonths=[{year=2026-01-01, month_val=10}, {year=2026-01-01, month_val=9}, {year=2026-01-01, month_val=8}, {year=2026-01-01, month_val=7}, {year=2026-01-01, month_val=6}, {year=2026-01-01, month_val=5}, {year=2026-01-01, month_val=4}, {year=2026-01-01, month_val=3}, {year=2026-01-01, month_val=2}, {year=2026-01-01, month_val=1}], diagnostics %=[0.0, 15.573770491803279, 100.0, 100.0, 100.0, 100.0, 100.0, 100.0, 100.0, 100.0]
2026-10-02 11:45:26 [http-nio-8080-exec-9] DEBUG r.g.a.config.DatabaseConfig$1 - Executing prepared SQL query
2026-10-02 11:45:26 [http-nio-8080-exec-9] DEBUG r.g.a.config.DatabaseConfig$1 - Executing prepared SQL statement [SELECT r.first_production_day, r.last_production_day FROM production_days_correction c JOIN production_days_correction_range r ON r.correction_id = c.id WHERE c.year = ? AND c.month = ? ORDER BY r.first_production_day]
2026-10-02 11:45:26 [http-nio-8080-exec-10] DEBUG r.g.a.config.DatabaseConfig$1 - Executing SQL query [SELECT machine_name, SUM(TIME_TO_SEC(machine_downtime)) AS machine_downtime_seconds FROM equipment_maintenance_records WHERE week_number = WEEK(CURDATE(), 3) AND YEAR(start_bd_t1) = YEAR(CURDATE()) AND failure_type <> 'Другие' GROUP BY machine_name ORDER BY SUM(TIME_TO_SEC(machine_downtime)) DESC LIMIT 4]
2026-10-02 11:45:26 [http-nio-8080-exec-6] DEBUG r.g.a.config.DatabaseConfig$1 - Executing SQL query [SELECT machine_name, SUM(TIME_TO_SEC(machine_downtime)) AS machine_downtime_seconds FROM equipment_maintenance_records WHERE week_number = WEEK(CURDATE(), 3) AND YEAR(start_bd_t1) = YEAR(CURDATE()) AND failure_type <> 'Другие' AND machine_name IN ('Mixer GK 270 T-C 2.1', 'Mixer GK 320 E 1.1', 'Calender Complex Berstorf - 01', 'Bandina - 01', 'Duplex - 01', 'Calender Comerio Ercole - 01', 'VMI APEX - 01', 'VMI APEX - 02', 'Trafila Quadruplex - 01', 'Bartell Bead Machine - 01', 'TTM fisher belt cutting - 01', 'VMI TPCS 1600-1000') GROUP BY machine_name ORDER BY SUM(TIME_TO_SEC(machine_downtime)) DESC LIMIT 4]
2026-10-02 11:45:26 [http-nio-8080-exec-2] DEBUG r.g.a.config.DatabaseConfig$1 - Executing prepared SQL query
2026-10-02 11:45:26 [http-nio-8080-exec-4] DEBUG r.g.a.config.DatabaseConfig$1 - Executing prepared SQL query
2026-10-02 11:45:26 [http-nio-8080-exec-8] DEBUG r.g.a.config.DatabaseConfig$1 - Executing prepared SQL query
2026-10-02 11:45:26 [http-nio-8080-exec-2] DEBUG r.g.a.config.DatabaseConfig$1 - Executing prepared SQL statement [SELECT r.first_production_day, r.last_production_day FROM production_days_correction c JOIN production_days_correction_range r ON r.correction_id = c.id WHERE c.year = ? AND c.month = ? ORDER BY r.first_production_day]
2026-10-02 11:45:26 [http-nio-8080-exec-4] DEBUG r.g.a.config.DatabaseConfig$1 - Executing prepared SQL statement [SELECT r.first_production_day, r.last_production_day FROM production_days_correction c JOIN production_days_correction_range r ON r.correction_id = c.id WHERE c.year = ? AND c.month = ? ORDER BY r.first_production_day]
2026-10-02 11:45:26 [http-nio-8080-exec-8] DEBUG r.g.a.config.DatabaseConfig$1 - Executing prepared SQL statement [SELECT production_day, quantity_pm_planned AS plan, quantity_pm_close AS fact, quantity_tag AS tag FROM report_plant WHERE YEAR(STR_TO_DATE(production_day, '%d.%m.%Y')) = ? AND MONTH(STR_TO_DATE(production_day, '%d.%m.%Y')) = ? ORDER BY STR_TO_DATE(production_day, '%d.%m.%Y')]
2026-10-02 11:45:26 [http-nio-8080-exec-9] DEBUG r.g.a.config.DatabaseConfig$1 - Executing prepared SQL query
2026-10-02 11:45:26 [http-nio-8080-exec-9] DEBUG r.g.a.config.DatabaseConfig$1 - Executing prepared SQL statement [SELECT production_day, downtime_percentage FROM report_plant WHERE YEAR(STR_TO_DATE(production_day, '%d.%m.%Y')) = ? AND MONTH(STR_TO_DATE(production_day, '%d.%m.%Y')) = ? ORDER BY STR_TO_DATE(production_day, '%d.%m.%Y')]
2026-10-02 11:45:26 [http-nio-8080-exec-2] DEBUG r.g.a.config.DatabaseConfig$1 - Executing prepared SQL query
2026-10-02 11:45:26 [http-nio-8080-exec-4] DEBUG r.g.a.config.DatabaseConfig$1 - Executing prepared SQL query
2026-10-02 11:45:26 [http-nio-8080-exec-2] DEBUG r.g.a.config.DatabaseConfig$1 - Executing prepared SQL statement [SELECT production_day, availability FROM report_plant WHERE YEAR(STR_TO_DATE(production_day, '%d.%m.%Y')) = ? AND MONTH(STR_TO_DATE(production_day, '%d.%m.%Y')) = ? ORDER BY STR_TO_DATE(production_day, '%d.%m.%Y')]
2026-10-02 11:45:26 [http-nio-8080-exec-4] DEBUG r.g.a.config.DatabaseConfig$1 - Executing prepared SQL statement [SELECT AVG(downtime_percentage) as bd FROM report_new_mixing_area WHERE production_day = ?]
2026-10-02 11:45:26 [http-nio-8080-exec-4] DEBUG r.g.a.config.DatabaseConfig$1 - Executing prepared SQL query
2026-10-02 11:45:26 [http-nio-8080-exec-4] DEBUG r.g.a.config.DatabaseConfig$1 - Executing prepared SQL statement [SELECT AVG(downtime_percentage) as bd FROM report_new_mixing_area WHERE YEAR(STR_TO_DATE(production_day, '%d.%m.%Y')) = ? AND MONTH(STR_TO_DATE(production_day, '%d.%m.%Y')) = ?]
2026-10-02 11:45:26 [http-nio-8080-exec-4] DEBUG r.g.a.config.DatabaseConfig$1 - Executing prepared SQL query
2026-10-02 11:45:26 [http-nio-8080-exec-4] DEBUG r.g.a.config.DatabaseConfig$1 - Executing prepared SQL statement [SELECT AVG(availability) FROM report_new_mixing_area WHERE production_day = ?]
2026-10-02 11:45:26 [http-nio-8080-exec-4] DEBUG r.g.a.config.DatabaseConfig$1 - Executing prepared SQL query
2026-10-02 11:45:26 [http-nio-8080-exec-4] DEBUG r.g.a.config.DatabaseConfig$1 - Executing prepared SQL statement [SELECT AVG(availability) FROM report_new_mixing_area WHERE YEAR(STR_TO_DATE(production_day, '%d.%m.%Y')) = ? AND MONTH(STR_TO_DATE(production_day, '%d.%m.%Y')) = ?]
2026-10-02 11:45:26 [http-nio-8080-exec-4] DEBUG r.g.a.config.DatabaseConfig$1 - Executing prepared SQL query
2026-10-02 11:45:26 [http-nio-8080-exec-4] DEBUG r.g.a.config.DatabaseConfig$1 - Executing prepared SQL statement [SELECT AVG(downtime_percentage) as bd FROM report_semifinishing_area WHERE production_day = ?]
2026-10-02 11:45:26 [http-nio-8080-exec-4] DEBUG r.g.a.config.DatabaseConfig$1 - Executing prepared SQL query
2026-10-02 11:45:26 [http-nio-8080-exec-4] DEBUG r.g.a.config.DatabaseConfig$1 - Executing prepared SQL statement [SELECT AVG(downtime_percentage) as bd FROM report_semifinishing_area WHERE YEAR(STR_TO_DATE(production_day, '%d.%m.%Y')) = ? AND MONTH(STR_TO_DATE(production_day, '%d.%m.%Y')) = ?]
2026-10-02 11:45:26 [http-nio-8080-exec-4] DEBUG r.g.a.config.DatabaseConfig$1 - Executing prepared SQL query
2026-10-02 11:45:26 [http-nio-8080-exec-4] DEBUG r.g.a.config.DatabaseConfig$1 - Executing prepared SQL statement [SELECT AVG(availability) FROM report_semifinishing_area WHERE production_day = ?]
2026-10-02 11:45:26 [http-nio-8080-exec-4] DEBUG r.g.a.config.DatabaseConfig$1 - Executing prepared SQL query
2026-10-02 11:45:26 [http-nio-8080-exec-4] DEBUG r.g.a.config.DatabaseConfig$1 - Executing prepared SQL statement [SELECT AVG(availability) FROM report_semifinishing_area WHERE YEAR(STR_TO_DATE(production_day, '%d.%m.%Y')) = ? AND MONTH(STR_TO_DATE(production_day, '%d.%m.%Y')) = ?]
2026-10-02 11:45:26 [http-nio-8080-exec-4] DEBUG r.g.a.config.DatabaseConfig$1 - Executing prepared SQL query
2026-10-02 11:45:26 [http-nio-8080-exec-4] DEBUG r.g.a.config.DatabaseConfig$1 - Executing prepared SQL statement [SELECT AVG(downtime_percentage) as bd FROM report_building_area WHERE production_day = ?]
2026-10-02 11:45:26 [http-nio-8080-exec-4] DEBUG r.g.a.config.DatabaseConfig$1 - Executing prepared SQL query
2026-10-02 11:45:26 [http-nio-8080-exec-4] DEBUG r.g.a.config.DatabaseConfig$1 - Executing prepared SQL statement [SELECT AVG(downtime_percentage) as bd FROM report_building_area WHERE YEAR(STR_TO_DATE(production_day, '%d.%m.%Y')) = ? AND MONTH(STR_TO_DATE(production_day, '%d.%m.%Y')) = ?]
2026-10-02 11:45:26 [http-nio-8080-exec-4] DEBUG r.g.a.config.DatabaseConfig$1 - Executing prepared SQL query
2026-10-02 11:45:26 [http-nio-8080-exec-4] DEBUG r.g.a.config.DatabaseConfig$1 - Executing prepared SQL statement [SELECT AVG(availability) FROM report_building_area WHERE production_day = ?]
2026-10-02 11:45:26 [http-nio-8080-exec-4] DEBUG r.g.a.config.DatabaseConfig$1 - Executing prepared SQL query
2026-10-02 11:45:26 [http-nio-8080-exec-4] DEBUG r.g.a.config.DatabaseConfig$1 - Executing prepared SQL statement [SELECT AVG(availability) FROM report_building_area WHERE YEAR(STR_TO_DATE(production_day, '%d.%m.%Y')) = ? AND MONTH(STR_TO_DATE(production_day, '%d.%m.%Y')) = ?]
2026-10-02 11:45:26 [http-nio-8080-exec-4] DEBUG r.g.a.config.DatabaseConfig$1 - Executing prepared SQL query
2026-10-02 11:45:26 [http-nio-8080-exec-4] DEBUG r.g.a.config.DatabaseConfig$1 - Executing prepared SQL statement [SELECT AVG(downtime_percentage) as bd FROM report_curing_area WHERE production_day = ?]
2026-10-02 11:45:26 [http-nio-8080-exec-4] DEBUG r.g.a.config.DatabaseConfig$1 - Executing prepared SQL query
2026-10-02 11:45:26 [http-nio-8080-exec-4] DEBUG r.g.a.config.DatabaseConfig$1 - Executing prepared SQL statement [SELECT AVG(downtime_percentage) as bd FROM report_curing_area WHERE YEAR(STR_TO_DATE(production_day, '%d.%m.%Y')) = ? AND MONTH(STR_TO_DATE(production_day, '%d.%m.%Y')) = ?]
2026-10-02 11:45:26 [http-nio-8080-exec-4] DEBUG r.g.a.config.DatabaseConfig$1 - Executing prepared SQL query
2026-10-02 11:45:26 [http-nio-8080-exec-4] DEBUG r.g.a.config.DatabaseConfig$1 - Executing prepared SQL statement [SELECT AVG(availability) FROM report_curing_area WHERE production_day = ?]
2026-10-02 11:45:26 [http-nio-8080-exec-4] DEBUG r.g.a.config.DatabaseConfig$1 - Executing prepared SQL query
2026-10-02 11:45:26 [http-nio-8080-exec-4] DEBUG r.g.a.config.DatabaseConfig$1 - Executing prepared SQL statement [SELECT AVG(availability) FROM report_curing_area WHERE YEAR(STR_TO_DATE(production_day, '%d.%m.%Y')) = ? AND MONTH(STR_TO_DATE(production_day, '%d.%m.%Y')) = ?]
2026-10-02 11:45:26 [http-nio-8080-exec-4] DEBUG r.g.a.config.DatabaseConfig$1 - Executing prepared SQL query
2026-10-02 11:45:26 [http-nio-8080-exec-4] DEBUG r.g.a.config.DatabaseConfig$1 - Executing prepared SQL statement [SELECT AVG(downtime_percentage) as bd FROM report_finishig_area WHERE production_day = ?]
2026-10-02 11:45:26 [http-nio-8080-exec-4] DEBUG r.g.a.config.DatabaseConfig$1 - Executing prepared SQL query
2026-10-02 11:45:26 [http-nio-8080-exec-4] DEBUG r.g.a.config.DatabaseConfig$1 - Executing prepared SQL statement [SELECT AVG(downtime_percentage) as bd FROM report_finishig_area WHERE YEAR(STR_TO_DATE(production_day, '%d.%m.%Y')) = ? AND MONTH(STR_TO_DATE(production_day, '%d.%m.%Y')) = ?]
2026-10-02 11:45:26 [http-nio-8080-exec-4] DEBUG r.g.a.config.DatabaseConfig$1 - Executing prepared SQL query
2026-10-02 11:45:26 [http-nio-8080-exec-4] DEBUG r.g.a.config.DatabaseConfig$1 - Executing prepared SQL statement [SELECT AVG(availability) FROM report_finishig_area WHERE production_day = ?]
2026-10-02 11:45:26 [http-nio-8080-exec-4] DEBUG r.g.a.config.DatabaseConfig$1 - Executing prepared SQL query
2026-10-02 11:45:26 [http-nio-8080-exec-4] DEBUG r.g.a.config.DatabaseConfig$1 - Executing prepared SQL statement [SELECT AVG(availability) FROM report_finishig_area WHERE YEAR(STR_TO_DATE(production_day, '%d.%m.%Y')) = ? AND MONTH(STR_TO_DATE(production_day, '%d.%m.%Y')) = ?]
2026-10-02 11:45:26 [http-nio-8080-exec-4] DEBUG r.g.a.config.DatabaseConfig$1 - Executing prepared SQL query
2026-10-02 11:45:26 [http-nio-8080-exec-4] DEBUG r.g.a.config.DatabaseConfig$1 - Executing prepared SQL statement [SELECT AVG(downtime_percentage) as bd FROM report_modules WHERE production_day = ?]
2026-10-02 11:45:26 [http-nio-8080-exec-4] DEBUG r.g.a.config.DatabaseConfig$1 - Executing prepared SQL query
2026-10-02 11:45:26 [http-nio-8080-exec-4] DEBUG r.g.a.config.DatabaseConfig$1 - Executing prepared SQL statement [SELECT AVG(downtime_percentage) as bd FROM report_modules WHERE YEAR(STR_TO_DATE(production_day, '%d.%m.%Y')) = ? AND MONTH(STR_TO_DATE(production_day, '%d.%m.%Y')) = ?]
2026-10-02 11:45:26 [http-nio-8080-exec-4] DEBUG r.g.a.config.DatabaseConfig$1 - Executing prepared SQL query
2026-10-02 11:45:26 [http-nio-8080-exec-4] DEBUG r.g.a.config.DatabaseConfig$1 - Executing prepared SQL statement [SELECT AVG(availability) FROM report_modules WHERE production_day = ?]
2026-10-02 11:45:26 [http-nio-8080-exec-4] DEBUG r.g.a.config.DatabaseConfig$1 - Executing prepared SQL query
2026-10-02 11:45:26 [http-nio-8080-exec-4] DEBUG r.g.a.config.DatabaseConfig$1 - Executing prepared SQL statement [SELECT AVG(availability) FROM report_modules WHERE YEAR(STR_TO_DATE(production_day, '%d.%m.%Y')) = ? AND MONTH(STR_TO_DATE(production_day, '%d.%m.%Y')) = ?]
2026-10-02 11:45:26 [http-nio-8080-exec-4] DEBUG r.g.a.config.DatabaseConfig$1 - Executing prepared SQL query
2026-10-02 11:45:26 [http-nio-8080-exec-4] DEBUG r.g.a.config.DatabaseConfig$1 - Executing prepared SQL statement [SELECT AVG(downtime_percentage) as bd FROM report_plant WHERE production_day = ?]
2026-10-02 11:45:26 [http-nio-8080-exec-4] DEBUG r.g.a.config.DatabaseConfig$1 - Executing prepared SQL query
2026-10-02 11:45:26 [http-nio-8080-exec-4] DEBUG r.g.a.config.DatabaseConfig$1 - Executing prepared SQL statement [SELECT AVG(downtime_percentage) as bd FROM report_plant WHERE YEAR(STR_TO_DATE(production_day, '%d.%m.%Y')) = ? AND MONTH(STR_TO_DATE(production_day, '%d.%m.%Y')) = ?]
2026-10-02 11:45:26 [http-nio-8080-exec-4] DEBUG r.g.a.config.DatabaseConfig$1 - Executing prepared SQL query
2026-10-02 11:45:26 [http-nio-8080-exec-4] DEBUG r.g.a.config.DatabaseConfig$1 - Executing prepared SQL statement [SELECT AVG(availability) FROM report_plant WHERE production_day = ?]
2026-10-02 11:45:26 [http-nio-8080-exec-4] DEBUG r.g.a.config.DatabaseConfig$1 - Executing prepared SQL query
2026-10-02 11:45:26 [http-nio-8080-exec-4] DEBUG r.g.a.config.DatabaseConfig$1 - Executing prepared SQL statement [SELECT AVG(availability) FROM report_plant WHERE YEAR(STR_TO_DATE(production_day, '%d.%m.%Y')) = ? AND MONTH(STR_TO_DATE(production_day, '%d.%m.%Y')) = ?]
2026-10-02 11:45:32 [http-nio-8080-exec-7] DEBUG r.g.a.config.DatabaseConfig$1 - Executing SQL query [SELECT DISTINCT YEAR(created_at) AS year FROM availability_stats ORDER BY year DESC]
2026-10-02 11:45:32 [http-nio-8080-exec-3] DEBUG r.g.a.config.DatabaseConfig$1 - Executing prepared SQL query
2026-10-02 11:45:32 [http-nio-8080-exec-3] DEBUG r.g.a.config.DatabaseConfig$1 - Executing prepared SQL statement [SELECT DISTINCT MONTH(created_at) AS month FROM availability_stats WHERE YEAR(created_at) IN (?) ORDER BY month]
2026-10-02 11:45:32 [http-nio-8080-exec-8] DEBUG r.g.a.config.DatabaseConfig$1 - Executing prepared SQL query
2026-10-02 11:45:32 [http-nio-8080-exec-8] DEBUG r.g.a.config.DatabaseConfig$1 - Executing prepared SQL statement [SELECT month, availability_percent, bd_percent, breakdowns_count, planned_repairs_percent,pm_repairs_percent, planned_repairs_count, total_repairs_count, created_at, YEAR(created_at) AS year, CONCAT(month, ' ', YEAR(created_at)) AS month_label FROM availability_stats WHERE YEAR(created_at) IN (?) AND MONTH(created_at) IN (?,?,?,?,?,?,?,?,?,?) ORDER BY created_at DESC, id DESC]
2026-10-02 11:45:32 [http-nio-8080-exec-8] DEBUG r.g.a.config.DatabaseConfig$1 - Executing prepared SQL query
2026-10-02 11:45:32 [http-nio-8080-exec-8] DEBUG r.g.a.config.DatabaseConfig$1 - Executing prepared SQL statement [SELECT YEAR(created_at) AS year, MONTH(created_at) AS month_val FROM availability_stats WHERE YEAR(created_at) IN (?) AND MONTH(created_at) IN (?,?,?,?,?,?,?,?,?,?) ORDER BY created_at DESC, id DESC]
2026-10-02 11:45:32 [http-nio-8080-exec-8] DEBUG r.g.a.service.FinalService - FinalService: orderedYearMonths=[{year=2026-01-01, month_val=10}, {year=2026-01-01, month_val=9}, {year=2026-01-01, month_val=8}, {year=2026-01-01, month_val=7}, {year=2026-01-01, month_val=6}, {year=2026-01-01, month_val=5}, {year=2026-01-01, month_val=4}, {year=2026-01-01, month_val=3}, {year=2026-01-01, month_val=2}, {year=2026-01-01, month_val=1}], diagnostics %=[0.0, 15.573770491803279, 100.0, 100.0, 100.0, 100.0, 100.0, 100.0, 100.0, 100.0]
2026-10-02 11:57:13 [http-nio-8080-exec-1] DEBUG r.g.a.config.DatabaseConfig$1 - Executing SQL query [SELECT machine_name, SUM(TIME_TO_SEC(machine_downtime)) AS machine_downtime_seconds FROM equipment_maintenance_records WHERE week_number = WEEK(CURDATE(), 3) AND YEAR(start_bd_t1) = YEAR(CURDATE()) AND failure_type <> 'Другие' GROUP BY machine_name ORDER BY SUM(TIME_TO_SEC(machine_downtime)) DESC LIMIT 4]
2026-10-02 11:57:13 [http-nio-8080-exec-7] DEBUG r.g.a.config.DatabaseConfig$1 - Executing SQL query [SELECT machine_name, SUM(TIME_TO_SEC(machine_downtime)) AS machine_downtime_seconds FROM equipment_maintenance_records WHERE week_number = WEEK(CURDATE(), 3) AND YEAR(start_bd_t1) = YEAR(CURDATE()) AND failure_type <> 'Другие' AND machine_name IN ('Mixer GK 270 T-C 2.1', 'Mixer GK 320 E 1.1', 'Calender Complex Berstorf - 01', 'Bandina - 01', 'Duplex - 01', 'Calender Comerio Ercole - 01', 'VMI APEX - 01', 'VMI APEX - 02', 'Trafila Quadruplex - 01', 'Bartell Bead Machine - 01', 'TTM fisher belt cutting - 01', 'VMI TPCS 1600-1000') GROUP BY machine_name ORDER BY SUM(TIME_TO_SEC(machine_downtime)) DESC LIMIT 4]
2026-10-02 11:57:13 [http-nio-8080-exec-8] DEBUG r.g.a.config.DatabaseConfig$1 - Executing prepared SQL query
2026-10-02 11:57:13 [http-nio-8080-exec-5] DEBUG r.g.a.config.DatabaseConfig$1 - Executing prepared SQL query
2026-10-02 11:57:13 [http-nio-8080-exec-3] DEBUG r.g.a.config.DatabaseConfig$1 - Executing prepared SQL query
2026-10-02 11:57:13 [http-nio-8080-exec-8] DEBUG r.g.a.config.DatabaseConfig$1 - Executing prepared SQL statement [SELECT r.first_production_day, r.last_production_day FROM production_days_correction c JOIN production_days_correction_range r ON r.correction_id = c.id WHERE c.year = ? AND c.month = ? ORDER BY r.first_production_day]
2026-10-02 11:57:13 [http-nio-8080-exec-9] DEBUG r.g.a.config.DatabaseConfig$1 - Executing prepared SQL query
2026-10-02 11:57:13 [http-nio-8080-exec-5] DEBUG r.g.a.config.DatabaseConfig$1 - Executing prepared SQL statement [SELECT r.first_production_day, r.last_production_day FROM production_days_correction c JOIN production_days_correction_range r ON r.correction_id = c.id WHERE c.year = ? AND c.month = ? ORDER BY r.first_production_day]
2026-10-02 11:57:13 [http-nio-8080-exec-3] DEBUG r.g.a.config.DatabaseConfig$1 - Executing prepared SQL statement [SELECT r.first_production_day, r.last_production_day FROM production_days_correction c JOIN production_days_correction_range r ON r.correction_id = c.id WHERE c.year = ? AND c.month = ? ORDER BY r.first_production_day]
2026-10-02 11:57:13 [http-nio-8080-exec-9] DEBUG r.g.a.config.DatabaseConfig$1 - Executing prepared SQL statement [SELECT production_day, quantity_pm_planned AS plan, quantity_pm_close AS fact, quantity_tag AS tag FROM report_plant WHERE YEAR(STR_TO_DATE(production_day, '%d.%m.%Y')) = ? AND MONTH(STR_TO_DATE(production_day, '%d.%m.%Y')) = ? ORDER BY STR_TO_DATE(production_day, '%d.%m.%Y')]
2026-10-02 11:57:13 [http-nio-8080-exec-8] DEBUG r.g.a.config.DatabaseConfig$1 - Executing prepared SQL query
2026-10-02 11:57:13 [http-nio-8080-exec-3] DEBUG r.g.a.config.DatabaseConfig$1 - Executing prepared SQL query
2026-10-02 11:57:13 [http-nio-8080-exec-5] DEBUG r.g.a.config.DatabaseConfig$1 - Executing prepared SQL query
2026-10-02 11:57:13 [http-nio-8080-exec-8] DEBUG r.g.a.config.DatabaseConfig$1 - Executing prepared SQL statement [SELECT production_day, downtime_percentage FROM report_plant WHERE YEAR(STR_TO_DATE(production_day, '%d.%m.%Y')) = ? AND MONTH(STR_TO_DATE(production_day, '%d.%m.%Y')) = ? ORDER BY STR_TO_DATE(production_day, '%d.%m.%Y')]
2026-10-02 11:57:13 [http-nio-8080-exec-3] DEBUG r.g.a.config.DatabaseConfig$1 - Executing prepared SQL statement [SELECT AVG(downtime_percentage) as bd FROM report_new_mixing_area WHERE production_day = ?]
2026-10-02 11:57:13 [http-nio-8080-exec-5] DEBUG r.g.a.config.DatabaseConfig$1 - Executing prepared SQL statement [SELECT production_day, availability FROM report_plant WHERE YEAR(STR_TO_DATE(production_day, '%d.%m.%Y')) = ? AND MONTH(STR_TO_DATE(production_day, '%d.%m.%Y')) = ? ORDER BY STR_TO_DATE(production_day, '%d.%m.%Y')]
2026-10-02 11:57:13 [http-nio-8080-exec-3] DEBUG r.g.a.config.DatabaseConfig$1 - Executing prepared SQL query
2026-10-02 11:57:13 [http-nio-8080-exec-3] DEBUG r.g.a.config.DatabaseConfig$1 - Executing prepared SQL statement [SELECT AVG(downtime_percentage) as bd FROM report_new_mixing_area WHERE YEAR(STR_TO_DATE(production_day, '%d.%m.%Y')) = ? AND MONTH(STR_TO_DATE(production_day, '%d.%m.%Y')) = ?]
2026-10-02 11:57:13 [http-nio-8080-exec-3] DEBUG r.g.a.config.DatabaseConfig$1 - Executing prepared SQL query
2026-10-02 11:57:13 [http-nio-8080-exec-3] DEBUG r.g.a.config.DatabaseConfig$1 - Executing prepared SQL statement [SELECT AVG(availability) FROM report_new_mixing_area WHERE production_day = ?]
2026-10-02 11:57:13 [http-nio-8080-exec-3] DEBUG r.g.a.config.DatabaseConfig$1 - Executing prepared SQL query
2026-10-02 11:57:13 [http-nio-8080-exec-3] DEBUG r.g.a.config.DatabaseConfig$1 - Executing prepared SQL statement [SELECT AVG(availability) FROM report_new_mixing_area WHERE YEAR(STR_TO_DATE(production_day, '%d.%m.%Y')) = ? AND MONTH(STR_TO_DATE(production_day, '%d.%m.%Y')) = ?]
2026-10-02 11:57:13 [http-nio-8080-exec-3] DEBUG r.g.a.config.DatabaseConfig$1 - Executing prepared SQL query
2026-10-02 11:57:13 [http-nio-8080-exec-3] DEBUG r.g.a.config.DatabaseConfig$1 - Executing prepared SQL statement [SELECT AVG(downtime_percentage) as bd FROM report_semifinishing_area WHERE production_day = ?]
2026-10-02 11:57:13 [http-nio-8080-exec-3] DEBUG r.g.a.config.DatabaseConfig$1 - Executing prepared SQL query
2026-10-02 11:57:13 [http-nio-8080-exec-3] DEBUG r.g.a.config.DatabaseConfig$1 - Executing prepared SQL statement [SELECT AVG(downtime_percentage) as bd FROM report_semifinishing_area WHERE YEAR(STR_TO_DATE(production_day, '%d.%m.%Y')) = ? AND MONTH(STR_TO_DATE(production_day, '%d.%m.%Y')) = ?]
2026-10-02 11:57:13 [http-nio-8080-exec-3] DEBUG r.g.a.config.DatabaseConfig$1 - Executing prepared SQL query
2026-10-02 11:57:13 [http-nio-8080-exec-3] DEBUG r.g.a.config.DatabaseConfig$1 - Executing prepared SQL statement [SELECT AVG(availability) FROM report_semifinishing_area WHERE production_day = ?]
2026-10-02 11:57:13 [http-nio-8080-exec-3] DEBUG r.g.a.config.DatabaseConfig$1 - Executing prepared SQL query
2026-10-02 11:57:13 [http-nio-8080-exec-3] DEBUG r.g.a.config.DatabaseConfig$1 - Executing prepared SQL statement [SELECT AVG(availability) FROM report_semifinishing_area WHERE YEAR(STR_TO_DATE(production_day, '%d.%m.%Y')) = ? AND MONTH(STR_TO_DATE(production_day, '%d.%m.%Y')) = ?]
2026-10-02 11:57:13 [http-nio-8080-exec-3] DEBUG r.g.a.config.DatabaseConfig$1 - Executing prepared SQL query
2026-10-02 11:57:13 [http-nio-8080-exec-3] DEBUG r.g.a.config.DatabaseConfig$1 - Executing prepared SQL statement [SELECT AVG(downtime_percentage) as bd FROM report_building_area WHERE production_day = ?]
2026-10-02 11:57:13 [http-nio-8080-exec-3] DEBUG r.g.a.config.DatabaseConfig$1 - Executing prepared SQL query
2026-10-02 11:57:13 [http-nio-8080-exec-3] DEBUG r.g.a.config.DatabaseConfig$1 - Executing prepared SQL statement [SELECT AVG(downtime_percentage) as bd FROM report_building_area WHERE YEAR(STR_TO_DATE(production_day, '%d.%m.%Y')) = ? AND MONTH(STR_TO_DATE(production_day, '%d.%m.%Y')) = ?]
2026-10-02 11:57:13 [http-nio-8080-exec-3] DEBUG r.g.a.config.DatabaseConfig$1 - Executing prepared SQL query
2026-10-02 11:57:13 [http-nio-8080-exec-3] DEBUG r.g.a.config.DatabaseConfig$1 - Executing prepared SQL statement [SELECT AVG(availability) FROM report_building_area WHERE production_day = ?]
2026-10-02 11:57:13 [http-nio-8080-exec-3] DEBUG r.g.a.config.DatabaseConfig$1 - Executing prepared SQL query
2026-10-02 11:57:13 [http-nio-8080-exec-3] DEBUG r.g.a.config.DatabaseConfig$1 - Executing prepared SQL statement [SELECT AVG(availability) FROM report_building_area WHERE YEAR(STR_TO_DATE(production_day, '%d.%m.%Y')) = ? AND MONTH(STR_TO_DATE(production_day, '%d.%m.%Y')) = ?]
2026-10-02 11:57:13 [http-nio-8080-exec-3] DEBUG r.g.a.config.DatabaseConfig$1 - Executing prepared SQL query
2026-10-02 11:57:13 [http-nio-8080-exec-3] DEBUG r.g.a.config.DatabaseConfig$1 - Executing prepared SQL statement [SELECT AVG(downtime_percentage) as bd FROM report_curing_area WHERE production_day = ?]
2026-10-02 11:57:13 [http-nio-8080-exec-3] DEBUG r.g.a.config.DatabaseConfig$1 - Executing prepared SQL query
2026-10-02 11:57:13 [http-nio-8080-exec-3] DEBUG r.g.a.config.DatabaseConfig$1 - Executing prepared SQL statement [SELECT AVG(downtime_percentage) as bd FROM report_curing_area WHERE YEAR(STR_TO_DATE(production_day, '%d.%m.%Y')) = ? AND MONTH(STR_TO_DATE(production_day, '%d.%m.%Y')) = ?]
2026-10-02 11:57:13 [http-nio-8080-exec-3] DEBUG r.g.a.config.DatabaseConfig$1 - Executing prepared SQL query
2026-10-02 11:57:13 [http-nio-8080-exec-3] DEBUG r.g.a.config.DatabaseConfig$1 - Executing prepared SQL statement [SELECT AVG(availability) FROM report_curing_area WHERE production_day = ?]
2026-10-02 11:57:13 [http-nio-8080-exec-3] DEBUG r.g.a.config.DatabaseConfig$1 - Executing prepared SQL query
2026-10-02 11:57:13 [http-nio-8080-exec-3] DEBUG r.g.a.config.DatabaseConfig$1 - Executing prepared SQL statement [SELECT AVG(availability) FROM report_curing_area WHERE YEAR(STR_TO_DATE(production_day, '%d.%m.%Y')) = ? AND MONTH(STR_TO_DATE(production_day, '%d.%m.%Y')) = ?]
2026-10-02 11:57:13 [http-nio-8080-exec-3] DEBUG r.g.a.config.DatabaseConfig$1 - Executing prepared SQL query
2026-10-02 11:57:13 [http-nio-8080-exec-3] DEBUG r.g.a.config.DatabaseConfig$1 - Executing prepared SQL statement [SELECT AVG(downtime_percentage) as bd FROM report_finishig_area WHERE production_day = ?]
2026-10-02 11:57:13 [http-nio-8080-exec-3] DEBUG r.g.a.config.DatabaseConfig$1 - Executing prepared SQL query
2026-10-02 11:57:13 [http-nio-8080-exec-3] DEBUG r.g.a.config.DatabaseConfig$1 - Executing prepared SQL statement [SELECT AVG(downtime_percentage) as bd FROM report_finishig_area WHERE YEAR(STR_TO_DATE(production_day, '%d.%m.%Y')) = ? AND MONTH(STR_TO_DATE(production_day, '%d.%m.%Y')) = ?]
2026-10-02 11:57:13 [http-nio-8080-exec-3] DEBUG r.g.a.config.DatabaseConfig$1 - Executing prepared SQL query
2026-10-02 11:57:13 [http-nio-8080-exec-3] DEBUG r.g.a.config.DatabaseConfig$1 - Executing prepared SQL statement [SELECT AVG(availability) FROM report_finishig_area WHERE production_day = ?]
2026-10-02 11:57:13 [http-nio-8080-exec-3] DEBUG r.g.a.config.DatabaseConfig$1 - Executing prepared SQL query
2026-10-02 11:57:13 [http-nio-8080-exec-3] DEBUG r.g.a.config.DatabaseConfig$1 - Executing prepared SQL statement [SELECT AVG(availability) FROM report_finishig_area WHERE YEAR(STR_TO_DATE(production_day, '%d.%m.%Y')) = ? AND MONTH(STR_TO_DATE(production_day, '%d.%m.%Y')) = ?]
2026-10-02 11:57:13 [http-nio-8080-exec-3] DEBUG r.g.a.config.DatabaseConfig$1 - Executing prepared SQL query
2026-10-02 11:57:13 [http-nio-8080-exec-3] DEBUG r.g.a.config.DatabaseConfig$1 - Executing prepared SQL statement [SELECT AVG(downtime_percentage) as bd FROM report_modules WHERE production_day = ?]
2026-10-02 11:57:13 [http-nio-8080-exec-3] DEBUG r.g.a.config.DatabaseConfig$1 - Executing prepared SQL query
2026-10-02 11:57:13 [http-nio-8080-exec-3] DEBUG r.g.a.config.DatabaseConfig$1 - Executing prepared SQL statement [SELECT AVG(downtime_percentage) as bd FROM report_modules WHERE YEAR(STR_TO_DATE(production_day, '%d.%m.%Y')) = ? AND MONTH(STR_TO_DATE(production_day, '%d.%m.%Y')) = ?]
2026-10-02 11:57:13 [http-nio-8080-exec-3] DEBUG r.g.a.config.DatabaseConfig$1 - Executing prepared SQL query
2026-10-02 11:57:13 [http-nio-8080-exec-3] DEBUG r.g.a.config.DatabaseConfig$1 - Executing prepared SQL statement [SELECT AVG(availability) FROM report_modules WHERE production_day = ?]
2026-10-02 11:57:13 [http-nio-8080-exec-3] DEBUG r.g.a.config.DatabaseConfig$1 - Executing prepared SQL query
2026-10-02 11:57:13 [http-nio-8080-exec-3] DEBUG r.g.a.config.DatabaseConfig$1 - Executing prepared SQL statement [SELECT AVG(availability) FROM report_modules WHERE YEAR(STR_TO_DATE(production_day, '%d.%m.%Y')) = ? AND MONTH(STR_TO_DATE(production_day, '%d.%m.%Y')) = ?]
2026-10-02 11:57:13 [http-nio-8080-exec-3] DEBUG r.g.a.config.DatabaseConfig$1 - Executing prepared SQL query
2026-10-02 11:57:13 [http-nio-8080-exec-3] DEBUG r.g.a.config.DatabaseConfig$1 - Executing prepared SQL statement [SELECT AVG(downtime_percentage) as bd FROM report_plant WHERE production_day = ?]
2026-10-02 11:57:13 [http-nio-8080-exec-3] DEBUG r.g.a.config.DatabaseConfig$1 - Executing prepared SQL query
2026-10-02 11:57:13 [http-nio-8080-exec-3] DEBUG r.g.a.config.DatabaseConfig$1 - Executing prepared SQL statement [SELECT AVG(downtime_percentage) as bd FROM report_plant WHERE YEAR(STR_TO_DATE(production_day, '%d.%m.%Y')) = ? AND MONTH(STR_TO_DATE(production_day, '%d.%m.%Y')) = ?]
2026-10-02 11:57:13 [http-nio-8080-exec-3] DEBUG r.g.a.config.DatabaseConfig$1 - Executing prepared SQL query
2026-10-02 11:57:13 [http-nio-8080-exec-3] DEBUG r.g.a.config.DatabaseConfig$1 - Executing prepared SQL statement [SELECT AVG(availability) FROM report_plant WHERE production_day = ?]
2026-10-02 11:57:13 [http-nio-8080-exec-3] DEBUG r.g.a.config.DatabaseConfig$1 - Executing prepared SQL query
2026-10-02 11:57:13 [http-nio-8080-exec-3] DEBUG r.g.a.config.DatabaseConfig$1 - Executing prepared SQL statement [SELECT AVG(availability) FROM report_plant WHERE YEAR(STR_TO_DATE(production_day, '%d.%m.%Y')) = ? AND MONTH(STR_TO_DATE(production_day, '%d.%m.%Y')) = ?]
2026-10-02 11:57:17 [http-nio-8080-exec-2] DEBUG r.g.a.config.DatabaseConfig$1 - Executing SQL query [SELECT DISTINCT YEAR(created_at) AS year FROM availability_stats ORDER BY year DESC]
2026-10-02 11:57:17 [http-nio-8080-exec-6] DEBUG r.g.a.config.DatabaseConfig$1 - Executing prepared SQL query
2026-10-02 11:57:17 [http-nio-8080-exec-6] DEBUG r.g.a.config.DatabaseConfig$1 - Executing prepared SQL statement [SELECT DISTINCT MONTH(created_at) AS month FROM availability_stats WHERE YEAR(created_at) IN (?) ORDER BY month]
2026-10-02 11:57:17 [http-nio-8080-exec-9] DEBUG r.g.a.config.DatabaseConfig$1 - Executing prepared SQL query
2026-10-02 11:57:17 [http-nio-8080-exec-9] DEBUG r.g.a.config.DatabaseConfig$1 - Executing prepared SQL statement [SELECT month, availability_percent, bd_percent, breakdowns_count, planned_repairs_percent,pm_repairs_percent, planned_repairs_count, total_repairs_count, created_at, YEAR(created_at) AS year, CONCAT(month, ' ', YEAR(created_at)) AS month_label FROM availability_stats WHERE YEAR(created_at) IN (?) AND MONTH(created_at) IN (?,?,?,?,?,?,?,?,?,?) ORDER BY created_at DESC, id DESC]
2026-10-02 11:57:17 [http-nio-8080-exec-9] DEBUG r.g.a.config.DatabaseConfig$1 - Executing prepared SQL query
2026-10-02 11:57:17 [http-nio-8080-exec-9] DEBUG r.g.a.config.DatabaseConfig$1 - Executing prepared SQL statement [SELECT YEAR(created_at) AS year, MONTH(created_at) AS month_val FROM availability_stats WHERE YEAR(created_at) IN (?) AND MONTH(created_at) IN (?,?,?,?,?,?,?,?,?,?) ORDER BY created_at DESC, id DESC]
2026-10-02 11:57:17 [http-nio-8080-exec-9] DEBUG r.g.a.service.FinalService - FinalService: orderedYearMonths=[{year=2026-01-01, month_val=10}, {year=2026-01-01, month_val=9}, {year=2026-01-01, month_val=8}, {year=2026-01-01, month_val=7}, {year=2026-01-01, month_val=6}, {year=2026-01-01, month_val=5}, {year=2026-01-01, month_val=4}, {year=2026-01-01, month_val=3}, {year=2026-01-01, month_val=2}, {year=2026-01-01, month_val=1}], diagnostics %=[0.0, 15.573770491803279, 100.0, 100.0, 100.0, 100.0, 100.0, 100.0, 100.0, 100.0]
2026-10-02 11:58:29 [http-nio-8080-exec-6] DEBUG r.g.a.config.DatabaseConfig$1 - Executing SQL query [SELECT machine_name, SUM(TIME_TO_SEC(machine_downtime)) AS machine_downtime_seconds FROM equipment_maintenance_records WHERE week_number = WEEK(CURDATE(), 3) AND YEAR(start_bd_t1) = YEAR(CURDATE()) AND failure_type <> 'Другие' GROUP BY machine_name ORDER BY SUM(TIME_TO_SEC(machine_downtime)) DESC LIMIT 4]
2026-10-02 11:58:29 [http-nio-8080-exec-9] DEBUG r.g.a.config.DatabaseConfig$1 - Executing SQL query [SELECT machine_name, SUM(TIME_TO_SEC(machine_downtime)) AS machine_downtime_seconds FROM equipment_maintenance_records WHERE week_number = WEEK(CURDATE(), 3) AND YEAR(start_bd_t1) = YEAR(CURDATE()) AND failure_type <> 'Другие' AND machine_name IN ('Mixer GK 270 T-C 2.1', 'Mixer GK 320 E 1.1', 'Calender Complex Berstorf - 01', 'Bandina - 01', 'Duplex - 01', 'Calender Comerio Ercole - 01', 'VMI APEX - 01', 'VMI APEX - 02', 'Trafila Quadruplex - 01', 'Bartell Bead Machine - 01', 'TTM fisher belt cutting - 01', 'VMI TPCS 1600-1000') GROUP BY machine_name ORDER BY SUM(TIME_TO_SEC(machine_downtime)) DESC LIMIT 4]
2026-10-02 11:58:29 [http-nio-8080-exec-10] DEBUG r.g.a.config.DatabaseConfig$1 - Executing prepared SQL query
2026-10-02 11:58:29 [http-nio-8080-exec-4] DEBUG r.g.a.config.DatabaseConfig$1 - Executing prepared SQL query
2026-10-02 11:58:29 [http-nio-8080-exec-2] DEBUG r.g.a.config.DatabaseConfig$1 - Executing prepared SQL query
2026-10-02 11:58:29 [http-nio-8080-exec-5] DEBUG r.g.a.config.DatabaseConfig$1 - Executing prepared SQL query
2026-10-02 11:58:29 [http-nio-8080-exec-10] DEBUG r.g.a.config.DatabaseConfig$1 - Executing prepared SQL statement [SELECT r.first_production_day, r.last_production_day FROM production_days_correction c JOIN production_days_correction_range r ON r.correction_id = c.id WHERE c.year = ? AND c.month = ? ORDER BY r.first_production_day]
2026-10-02 11:58:29 [http-nio-8080-exec-4] DEBUG r.g.a.config.DatabaseConfig$1 - Executing prepared SQL statement [SELECT r.first_production_day, r.last_production_day FROM production_days_correction c JOIN production_days_correction_range r ON r.correction_id = c.id WHERE c.year = ? AND c.month = ? ORDER BY r.first_production_day]
2026-10-02 11:58:29 [http-nio-8080-exec-2] DEBUG r.g.a.config.DatabaseConfig$1 - Executing prepared SQL statement [SELECT r.first_production_day, r.last_production_day FROM production_days_correction c JOIN production_days_correction_range r ON r.correction_id = c.id WHERE c.year = ? AND c.month = ? ORDER BY r.first_production_day]
2026-10-02 11:58:29 [http-nio-8080-exec-5] DEBUG r.g.a.config.DatabaseConfig$1 - Executing prepared SQL statement [SELECT production_day, quantity_pm_planned AS plan, quantity_pm_close AS fact, quantity_tag AS tag FROM report_plant WHERE YEAR(STR_TO_DATE(production_day, '%d.%m.%Y')) = ? AND MONTH(STR_TO_DATE(production_day, '%d.%m.%Y')) = ? ORDER BY STR_TO_DATE(production_day, '%d.%m.%Y')]
2026-10-02 11:58:29 [http-nio-8080-exec-2] DEBUG r.g.a.config.DatabaseConfig$1 - Executing prepared SQL query
2026-10-02 11:58:29 [http-nio-8080-exec-4] DEBUG r.g.a.config.DatabaseConfig$1 - Executing prepared SQL query
2026-10-02 11:58:29 [http-nio-8080-exec-10] DEBUG r.g.a.config.DatabaseConfig$1 - Executing prepared SQL query
2026-10-02 11:58:29 [http-nio-8080-exec-2] DEBUG r.g.a.config.DatabaseConfig$1 - Executing prepared SQL statement [SELECT AVG(downtime_percentage) as bd FROM report_new_mixing_area WHERE production_day = ?]
2026-10-02 11:58:29 [http-nio-8080-exec-4] DEBUG r.g.a.config.DatabaseConfig$1 - Executing prepared SQL statement [SELECT production_day, availability FROM report_plant WHERE YEAR(STR_TO_DATE(production_day, '%d.%m.%Y')) = ? AND MONTH(STR_TO_DATE(production_day, '%d.%m.%Y')) = ? ORDER BY STR_TO_DATE(production_day, '%d.%m.%Y')]
2026-10-02 11:58:29 [http-nio-8080-exec-10] DEBUG r.g.a.config.DatabaseConfig$1 - Executing prepared SQL statement [SELECT production_day, downtime_percentage FROM report_plant WHERE YEAR(STR_TO_DATE(production_day, '%d.%m.%Y')) = ? AND MONTH(STR_TO_DATE(production_day, '%d.%m.%Y')) = ? ORDER BY STR_TO_DATE(production_day, '%d.%m.%Y')]
2026-10-02 11:58:29 [http-nio-8080-exec-2] DEBUG r.g.a.config.DatabaseConfig$1 - Executing prepared SQL query
2026-10-02 11:58:29 [http-nio-8080-exec-2] DEBUG r.g.a.config.DatabaseConfig$1 - Executing prepared SQL statement [SELECT AVG(downtime_percentage) as bd FROM report_new_mixing_area WHERE YEAR(STR_TO_DATE(production_day, '%d.%m.%Y')) = ? AND MONTH(STR_TO_DATE(production_day, '%d.%m.%Y')) = ?]
2026-10-02 11:58:29 [http-nio-8080-exec-2] DEBUG r.g.a.config.DatabaseConfig$1 - Executing prepared SQL query
2026-10-02 11:58:29 [http-nio-8080-exec-2] DEBUG r.g.a.config.DatabaseConfig$1 - Executing prepared SQL statement [SELECT AVG(availability) FROM report_new_mixing_area WHERE production_day = ?]
2026-10-02 11:58:29 [http-nio-8080-exec-2] DEBUG r.g.a.config.DatabaseConfig$1 - Executing prepared SQL query
2026-10-02 11:58:29 [http-nio-8080-exec-2] DEBUG r.g.a.config.DatabaseConfig$1 - Executing prepared SQL statement [SELECT AVG(availability) FROM report_new_mixing_area WHERE YEAR(STR_TO_DATE(production_day, '%d.%m.%Y')) = ? AND MONTH(STR_TO_DATE(production_day, '%d.%m.%Y')) = ?]
2026-10-02 11:58:29 [http-nio-8080-exec-2] DEBUG r.g.a.config.DatabaseConfig$1 - Executing prepared SQL query
2026-10-02 11:58:29 [http-nio-8080-exec-2] DEBUG r.g.a.config.DatabaseConfig$1 - Executing prepared SQL statement [SELECT AVG(downtime_percentage) as bd FROM report_semifinishing_area WHERE production_day = ?]
2026-10-02 11:58:29 [http-nio-8080-exec-2] DEBUG r.g.a.config.DatabaseConfig$1 - Executing prepared SQL query
2026-10-02 11:58:29 [http-nio-8080-exec-2] DEBUG r.g.a.config.DatabaseConfig$1 - Executing prepared SQL statement [SELECT AVG(downtime_percentage) as bd FROM report_semifinishing_area WHERE YEAR(STR_TO_DATE(production_day, '%d.%m.%Y')) = ? AND MONTH(STR_TO_DATE(production_day, '%d.%m.%Y')) = ?]
2026-10-02 11:58:29 [http-nio-8080-exec-2] DEBUG r.g.a.config.DatabaseConfig$1 - Executing prepared SQL query
2026-10-02 11:58:29 [http-nio-8080-exec-2] DEBUG r.g.a.config.DatabaseConfig$1 - Executing prepared SQL statement [SELECT AVG(availability) FROM report_semifinishing_area WHERE production_day = ?]
2026-10-02 11:58:29 [http-nio-8080-exec-2] DEBUG r.g.a.config.DatabaseConfig$1 - Executing prepared SQL query
2026-10-02 11:58:29 [http-nio-8080-exec-2] DEBUG r.g.a.config.DatabaseConfig$1 - Executing prepared SQL statement [SELECT AVG(availability) FROM report_semifinishing_area WHERE YEAR(STR_TO_DATE(production_day, '%d.%m.%Y')) = ? AND MONTH(STR_TO_DATE(production_day, '%d.%m.%Y')) = ?]
2026-10-02 11:58:29 [http-nio-8080-exec-2] DEBUG r.g.a.config.DatabaseConfig$1 - Executing prepared SQL query
2026-10-02 11:58:29 [http-nio-8080-exec-2] DEBUG r.g.a.config.DatabaseConfig$1 - Executing prepared SQL statement [SELECT AVG(downtime_percentage) as bd FROM report_building_area WHERE production_day = ?]
2026-10-02 11:58:29 [http-nio-8080-exec-2] DEBUG r.g.a.config.DatabaseConfig$1 - Executing prepared SQL query
2026-10-02 11:58:29 [http-nio-8080-exec-2] DEBUG r.g.a.config.DatabaseConfig$1 - Executing prepared SQL statement [SELECT AVG(downtime_percentage) as bd FROM report_building_area WHERE YEAR(STR_TO_DATE(production_day, '%d.%m.%Y')) = ? AND MONTH(STR_TO_DATE(production_day, '%d.%m.%Y')) = ?]
2026-10-02 11:58:29 [http-nio-8080-exec-2] DEBUG r.g.a.config.DatabaseConfig$1 - Executing prepared SQL query
2026-10-02 11:58:29 [http-nio-8080-exec-2] DEBUG r.g.a.config.DatabaseConfig$1 - Executing prepared SQL statement [SELECT AVG(availability) FROM report_building_area WHERE production_day = ?]
2026-10-02 11:58:29 [http-nio-8080-exec-2] DEBUG r.g.a.config.DatabaseConfig$1 - Executing prepared SQL query
2026-10-02 11:58:29 [http-nio-8080-exec-2] DEBUG r.g.a.config.DatabaseConfig$1 - Executing prepared SQL statement [SELECT AVG(availability) FROM report_building_area WHERE YEAR(STR_TO_DATE(production_day, '%d.%m.%Y')) = ? AND MONTH(STR_TO_DATE(production_day, '%d.%m.%Y')) = ?]
2026-10-02 11:58:29 [http-nio-8080-exec-2] DEBUG r.g.a.config.DatabaseConfig$1 - Executing prepared SQL query
2026-10-02 11:58:29 [http-nio-8080-exec-2] DEBUG r.g.a.config.DatabaseConfig$1 - Executing prepared SQL statement [SELECT AVG(downtime_percentage) as bd FROM report_curing_area WHERE production_day = ?]
2026-10-02 11:58:29 [http-nio-8080-exec-2] DEBUG r.g.a.config.DatabaseConfig$1 - Executing prepared SQL query
2026-10-02 11:58:29 [http-nio-8080-exec-2] DEBUG r.g.a.config.DatabaseConfig$1 - Executing prepared SQL statement [SELECT AVG(downtime_percentage) as bd FROM report_curing_area WHERE YEAR(STR_TO_DATE(production_day, '%d.%m.%Y')) = ? AND MONTH(STR_TO_DATE(production_day, '%d.%m.%Y')) = ?]
2026-10-02 11:58:29 [http-nio-8080-exec-2] DEBUG r.g.a.config.DatabaseConfig$1 - Executing prepared SQL query
2026-10-02 11:58:29 [http-nio-8080-exec-2] DEBUG r.g.a.config.DatabaseConfig$1 - Executing prepared SQL statement [SELECT AVG(availability) FROM report_curing_area WHERE production_day = ?]
2026-10-02 11:58:29 [http-nio-8080-exec-2] DEBUG r.g.a.config.DatabaseConfig$1 - Executing prepared SQL query
2026-10-02 11:58:29 [http-nio-8080-exec-2] DEBUG r.g.a.config.DatabaseConfig$1 - Executing prepared SQL statement [SELECT AVG(availability) FROM report_curing_area WHERE YEAR(STR_TO_DATE(production_day, '%d.%m.%Y')) = ? AND MONTH(STR_TO_DATE(production_day, '%d.%m.%Y')) = ?]
2026-10-02 11:58:29 [http-nio-8080-exec-2] DEBUG r.g.a.config.DatabaseConfig$1 - Executing prepared SQL query
2026-10-02 11:58:29 [http-nio-8080-exec-2] DEBUG r.g.a.config.DatabaseConfig$1 - Executing prepared SQL statement [SELECT AVG(downtime_percentage) as bd FROM report_finishig_area WHERE production_day = ?]
2026-10-02 11:58:29 [http-nio-8080-exec-2] DEBUG r.g.a.config.DatabaseConfig$1 - Executing prepared SQL query
2026-10-02 11:58:29 [http-nio-8080-exec-2] DEBUG r.g.a.config.DatabaseConfig$1 - Executing prepared SQL statement [SELECT AVG(downtime_percentage) as bd FROM report_finishig_area WHERE YEAR(STR_TO_DATE(production_day, '%d.%m.%Y')) = ? AND MONTH(STR_TO_DATE(production_day, '%d.%m.%Y')) = ?]
2026-10-02 11:58:29 [http-nio-8080-exec-2] DEBUG r.g.a.config.DatabaseConfig$1 - Executing prepared SQL query
2026-10-02 11:58:29 [http-nio-8080-exec-2] DEBUG r.g.a.config.DatabaseConfig$1 - Executing prepared SQL statement [SELECT AVG(availability) FROM report_finishig_area WHERE production_day = ?]
2026-10-02 11:58:29 [http-nio-8080-exec-2] DEBUG r.g.a.config.DatabaseConfig$1 - Executing prepared SQL query
2026-10-02 11:58:29 [http-nio-8080-exec-2] DEBUG r.g.a.config.DatabaseConfig$1 - Executing prepared SQL statement [SELECT AVG(availability) FROM report_finishig_area WHERE YEAR(STR_TO_DATE(production_day, '%d.%m.%Y')) = ? AND MONTH(STR_TO_DATE(production_day, '%d.%m.%Y')) = ?]
2026-10-02 11:58:29 [http-nio-8080-exec-2] DEBUG r.g.a.config.DatabaseConfig$1 - Executing prepared SQL query
2026-10-02 11:58:29 [http-nio-8080-exec-2] DEBUG r.g.a.config.DatabaseConfig$1 - Executing prepared SQL statement [SELECT AVG(downtime_percentage) as bd FROM report_modules WHERE production_day = ?]
2026-10-02 11:58:29 [http-nio-8080-exec-2] DEBUG r.g.a.config.DatabaseConfig$1 - Executing prepared SQL query
2026-10-02 11:58:29 [http-nio-8080-exec-2] DEBUG r.g.a.config.DatabaseConfig$1 - Executing prepared SQL statement [SELECT AVG(downtime_percentage) as bd FROM report_modules WHERE YEAR(STR_TO_DATE(production_day, '%d.%m.%Y')) = ? AND MONTH(STR_TO_DATE(production_day, '%d.%m.%Y')) = ?]
2026-10-02 11:58:29 [http-nio-8080-exec-2] DEBUG r.g.a.config.DatabaseConfig$1 - Executing prepared SQL query
2026-10-02 11:58:29 [http-nio-8080-exec-2] DEBUG r.g.a.config.DatabaseConfig$1 - Executing prepared SQL statement [SELECT AVG(availability) FROM report_modules WHERE production_day = ?]
2026-10-02 11:58:29 [http-nio-8080-exec-2] DEBUG r.g.a.config.DatabaseConfig$1 - Executing prepared SQL query
2026-10-02 11:58:29 [http-nio-8080-exec-2] DEBUG r.g.a.config.DatabaseConfig$1 - Executing prepared SQL statement [SELECT AVG(availability) FROM report_modules WHERE YEAR(STR_TO_DATE(production_day, '%d.%m.%Y')) = ? AND MONTH(STR_TO_DATE(production_day, '%d.%m.%Y')) = ?]
2026-10-02 11:58:29 [http-nio-8080-exec-2] DEBUG r.g.a.config.DatabaseConfig$1 - Executing prepared SQL query
2026-10-02 11:58:29 [http-nio-8080-exec-2] DEBUG r.g.a.config.DatabaseConfig$1 - Executing prepared SQL statement [SELECT AVG(downtime_percentage) as bd FROM report_plant WHERE production_day = ?]
2026-10-02 11:58:29 [http-nio-8080-exec-2] DEBUG r.g.a.config.DatabaseConfig$1 - Executing prepared SQL query
2026-10-02 11:58:29 [http-nio-8080-exec-2] DEBUG r.g.a.config.DatabaseConfig$1 - Executing prepared SQL statement [SELECT AVG(downtime_percentage) as bd FROM report_plant WHERE YEAR(STR_TO_DATE(production_day, '%d.%m.%Y')) = ? AND MONTH(STR_TO_DATE(production_day, '%d.%m.%Y')) = ?]
2026-10-02 11:58:29 [http-nio-8080-exec-2] DEBUG r.g.a.config.DatabaseConfig$1 - Executing prepared SQL query
2026-10-02 11:58:29 [http-nio-8080-exec-2] DEBUG r.g.a.config.DatabaseConfig$1 - Executing prepared SQL statement [SELECT AVG(availability) FROM report_plant WHERE production_day = ?]
2026-10-02 11:58:29 [http-nio-8080-exec-2] DEBUG r.g.a.config.DatabaseConfig$1 - Executing prepared SQL query
2026-10-02 11:58:29 [http-nio-8080-exec-2] DEBUG r.g.a.config.DatabaseConfig$1 - Executing prepared SQL statement [SELECT AVG(availability) FROM report_plant WHERE YEAR(STR_TO_DATE(production_day, '%d.%m.%Y')) = ? AND MONTH(STR_TO_DATE(production_day, '%d.%m.%Y')) = ?]
2026-10-02 11:58:32 [http-nio-8080-exec-3] DEBUG r.g.a.config.DatabaseConfig$1 - Executing SQL query [SELECT DISTINCT YEAR(created_at) AS year FROM availability_stats ORDER BY year DESC]
2026-10-02 11:58:32 [http-nio-8080-exec-7] DEBUG r.g.a.config.DatabaseConfig$1 - Executing prepared SQL query
2026-10-02 11:58:32 [http-nio-8080-exec-7] DEBUG r.g.a.config.DatabaseConfig$1 - Executing prepared SQL statement [SELECT DISTINCT MONTH(created_at) AS month FROM availability_stats WHERE YEAR(created_at) IN (?) ORDER BY month]
2026-10-02 11:58:32 [http-nio-8080-exec-5] DEBUG r.g.a.config.DatabaseConfig$1 - Executing prepared SQL query
2026-10-02 11:58:32 [http-nio-8080-exec-5] DEBUG r.g.a.config.DatabaseConfig$1 - Executing prepared SQL statement [SELECT month, availability_percent, bd_percent, breakdowns_count, planned_repairs_percent,pm_repairs_percent, planned_repairs_count, total_repairs_count, created_at, YEAR(created_at) AS year, CONCAT(month, ' ', YEAR(created_at)) AS month_label FROM availability_stats WHERE YEAR(created_at) IN (?) AND MONTH(created_at) IN (?,?,?,?,?,?,?,?,?,?) ORDER BY created_at DESC, id DESC]
2026-10-02 11:58:32 [http-nio-8080-exec-5] DEBUG r.g.a.config.DatabaseConfig$1 - Executing prepared SQL query
2026-10-02 11:58:32 [http-nio-8080-exec-5] DEBUG r.g.a.config.DatabaseConfig$1 - Executing prepared SQL statement [SELECT YEAR(created_at) AS year, MONTH(created_at) AS month_val FROM availability_stats WHERE YEAR(created_at) IN (?) AND MONTH(created_at) IN (?,?,?,?,?,?,?,?,?,?) ORDER BY created_at DESC, id DESC]
2026-10-02 11:58:32 [http-nio-8080-exec-5] DEBUG r.g.a.service.FinalService - FinalService: orderedYearMonths=[{year=2026-01-01, month_val=10}, {year=2026-01-01, month_val=9}, {year=2026-01-01, month_val=8}, {year=2026-01-01, month_val=7}, {year=2026-01-01, month_val=6}, {year=2026-01-01, month_val=5}, {year=2026-01-01, month_val=4}, {year=2026-01-01, month_val=3}, {year=2026-01-01, month_val=2}, {year=2026-01-01, month_val=1}], diagnostics %=[0.0, 15.573770491803279, 100.0, 100.0, 100.0, 100.0, 100.0, 100.0, 100.0, 100.0]
2026-10-02 12:02:48 [http-nio-8080-exec-5] DEBUG r.g.a.config.DatabaseConfig$1 - Executing SQL query [SELECT machine_name, SUM(TIME_TO_SEC(machine_downtime)) AS machine_downtime_seconds FROM equipment_maintenance_records WHERE week_number = WEEK(CURDATE(), 3) AND YEAR(start_bd_t1) = YEAR(CURDATE()) AND failure_type <> 'Другие' GROUP BY machine_name ORDER BY SUM(TIME_TO_SEC(machine_downtime)) DESC LIMIT 4]
2026-10-02 12:02:48 [http-nio-8080-exec-7] DEBUG r.g.a.config.DatabaseConfig$1 - Executing SQL query [SELECT machine_name, SUM(TIME_TO_SEC(machine_downtime)) AS machine_downtime_seconds FROM equipment_maintenance_records WHERE week_number = WEEK(CURDATE(), 3) AND YEAR(start_bd_t1) = YEAR(CURDATE()) AND failure_type <> 'Другие' AND machine_name IN ('Mixer GK 270 T-C 2.1', 'Mixer GK 320 E 1.1', 'Calender Complex Berstorf - 01', 'Bandina - 01', 'Duplex - 01', 'Calender Comerio Ercole - 01', 'VMI APEX - 01', 'VMI APEX - 02', 'Trafila Quadruplex - 01', 'Bartell Bead Machine - 01', 'TTM fisher belt cutting - 01', 'VMI TPCS 1600-1000') GROUP BY machine_name ORDER BY SUM(TIME_TO_SEC(machine_downtime)) DESC LIMIT 4]
2026-10-02 12:02:48 [http-nio-8080-exec-8] DEBUG r.g.a.config.DatabaseConfig$1 - Executing prepared SQL query
2026-10-02 12:02:48 [http-nio-8080-exec-4] DEBUG r.g.a.config.DatabaseConfig$1 - Executing prepared SQL query
2026-10-02 12:02:48 [http-nio-8080-exec-3] DEBUG r.g.a.config.DatabaseConfig$1 - Executing prepared SQL query
2026-10-02 12:02:48 [http-nio-8080-exec-1] DEBUG r.g.a.config.DatabaseConfig$1 - Executing prepared SQL query
2026-10-02 12:02:48 [http-nio-8080-exec-8] DEBUG r.g.a.config.DatabaseConfig$1 - Executing prepared SQL statement [SELECT r.first_production_day, r.last_production_day FROM production_days_correction c JOIN production_days_correction_range r ON r.correction_id = c.id WHERE c.year = ? AND c.month = ? ORDER BY r.first_production_day]
2026-10-02 12:02:48 [http-nio-8080-exec-4] DEBUG r.g.a.config.DatabaseConfig$1 - Executing prepared SQL statement [SELECT production_day, quantity_pm_planned AS plan, quantity_pm_close AS fact, quantity_tag AS tag FROM report_plant WHERE YEAR(STR_TO_DATE(production_day, '%d.%m.%Y')) = ? AND MONTH(STR_TO_DATE(production_day, '%d.%m.%Y')) = ? ORDER BY STR_TO_DATE(production_day, '%d.%m.%Y')]
2026-10-02 12:02:48 [http-nio-8080-exec-3] DEBUG r.g.a.config.DatabaseConfig$1 - Executing prepared SQL statement [SELECT r.first_production_day, r.last_production_day FROM production_days_correction c JOIN production_days_correction_range r ON r.correction_id = c.id WHERE c.year = ? AND c.month = ? ORDER BY r.first_production_day]
2026-10-02 12:02:48 [http-nio-8080-exec-1] DEBUG r.g.a.config.DatabaseConfig$1 - Executing prepared SQL statement [SELECT r.first_production_day, r.last_production_day FROM production_days_correction c JOIN production_days_correction_range r ON r.correction_id = c.id WHERE c.year = ? AND c.month = ? ORDER BY r.first_production_day]
2026-10-02 12:02:48 [http-nio-8080-exec-8] DEBUG r.g.a.config.DatabaseConfig$1 - Executing prepared SQL query
2026-10-02 12:02:48 [http-nio-8080-exec-8] DEBUG r.g.a.config.DatabaseConfig$1 - Executing prepared SQL statement [SELECT production_day, downtime_percentage FROM report_plant WHERE YEAR(STR_TO_DATE(production_day, '%d.%m.%Y')) = ? AND MONTH(STR_TO_DATE(production_day, '%d.%m.%Y')) = ? ORDER BY STR_TO_DATE(production_day, '%d.%m.%Y')]
2026-10-02 12:02:48 [http-nio-8080-exec-1] DEBUG r.g.a.config.DatabaseConfig$1 - Executing prepared SQL query
2026-10-02 12:02:48 [http-nio-8080-exec-3] DEBUG r.g.a.config.DatabaseConfig$1 - Executing prepared SQL query
2026-10-02 12:02:48 [http-nio-8080-exec-1] DEBUG r.g.a.config.DatabaseConfig$1 - Executing prepared SQL statement [SELECT production_day, availability FROM report_plant WHERE YEAR(STR_TO_DATE(production_day, '%d.%m.%Y')) = ? AND MONTH(STR_TO_DATE(production_day, '%d.%m.%Y')) = ? ORDER BY STR_TO_DATE(production_day, '%d.%m.%Y')]
2026-10-02 12:02:48 [http-nio-8080-exec-3] DEBUG r.g.a.config.DatabaseConfig$1 - Executing prepared SQL statement [SELECT AVG(downtime_percentage) as bd FROM report_new_mixing_area WHERE production_day = ?]
2026-10-02 12:02:48 [http-nio-8080-exec-3] DEBUG r.g.a.config.DatabaseConfig$1 - Executing prepared SQL query
2026-10-02 12:02:48 [http-nio-8080-exec-3] DEBUG r.g.a.config.DatabaseConfig$1 - Executing prepared SQL statement [SELECT AVG(downtime_percentage) as bd FROM report_new_mixing_area WHERE YEAR(STR_TO_DATE(production_day, '%d.%m.%Y')) = ? AND MONTH(STR_TO_DATE(production_day, '%d.%m.%Y')) = ?]
2026-10-02 12:02:48 [http-nio-8080-exec-3] DEBUG r.g.a.config.DatabaseConfig$1 - Executing prepared SQL query
2026-10-02 12:02:48 [http-nio-8080-exec-3] DEBUG r.g.a.config.DatabaseConfig$1 - Executing prepared SQL statement [SELECT AVG(availability) FROM report_new_mixing_area WHERE production_day = ?]
2026-10-02 12:02:48 [http-nio-8080-exec-3] DEBUG r.g.a.config.DatabaseConfig$1 - Executing prepared SQL query
2026-10-02 12:02:48 [http-nio-8080-exec-3] DEBUG r.g.a.config.DatabaseConfig$1 - Executing prepared SQL statement [SELECT AVG(availability) FROM report_new_mixing_area WHERE YEAR(STR_TO_DATE(production_day, '%d.%m.%Y')) = ? AND MONTH(STR_TO_DATE(production_day, '%d.%m.%Y')) = ?]
2026-10-02 12:02:48 [http-nio-8080-exec-3] DEBUG r.g.a.config.DatabaseConfig$1 - Executing prepared SQL query
2026-10-02 12:02:48 [http-nio-8080-exec-3] DEBUG r.g.a.config.DatabaseConfig$1 - Executing prepared SQL statement [SELECT AVG(downtime_percentage) as bd FROM report_semifinishing_area WHERE production_day = ?]
2026-10-02 12:02:48 [http-nio-8080-exec-3] DEBUG r.g.a.config.DatabaseConfig$1 - Executing prepared SQL query
2026-10-02 12:02:48 [http-nio-8080-exec-3] DEBUG r.g.a.config.DatabaseConfig$1 - Executing prepared SQL statement [SELECT AVG(downtime_percentage) as bd FROM report_semifinishing_area WHERE YEAR(STR_TO_DATE(production_day, '%d.%m.%Y')) = ? AND MONTH(STR_TO_DATE(production_day, '%d.%m.%Y')) = ?]
2026-10-02 12:02:48 [http-nio-8080-exec-3] DEBUG r.g.a.config.DatabaseConfig$1 - Executing prepared SQL query
2026-10-02 12:02:48 [http-nio-8080-exec-3] DEBUG r.g.a.config.DatabaseConfig$1 - Executing prepared SQL statement [SELECT AVG(availability) FROM report_semifinishing_area WHERE production_day = ?]
2026-10-02 12:02:48 [http-nio-8080-exec-3] DEBUG r.g.a.config.DatabaseConfig$1 - Executing prepared SQL query
2026-10-02 12:02:48 [http-nio-8080-exec-3] DEBUG r.g.a.config.DatabaseConfig$1 - Executing prepared SQL statement [SELECT AVG(availability) FROM report_semifinishing_area WHERE YEAR(STR_TO_DATE(production_day, '%d.%m.%Y')) = ? AND MONTH(STR_TO_DATE(production_day, '%d.%m.%Y')) = ?]
2026-10-02 12:02:48 [http-nio-8080-exec-3] DEBUG r.g.a.config.DatabaseConfig$1 - Executing prepared SQL query
2026-10-02 12:02:48 [http-nio-8080-exec-3] DEBUG r.g.a.config.DatabaseConfig$1 - Executing prepared SQL statement [SELECT AVG(downtime_percentage) as bd FROM report_building_area WHERE production_day = ?]
2026-10-02 12:02:48 [http-nio-8080-exec-3] DEBUG r.g.a.config.DatabaseConfig$1 - Executing prepared SQL query
2026-10-02 12:02:48 [http-nio-8080-exec-3] DEBUG r.g.a.config.DatabaseConfig$1 - Executing prepared SQL statement [SELECT AVG(downtime_percentage) as bd FROM report_building_area WHERE YEAR(STR_TO_DATE(production_day, '%d.%m.%Y')) = ? AND MONTH(STR_TO_DATE(production_day, '%d.%m.%Y')) = ?]
2026-10-02 12:02:48 [http-nio-8080-exec-3] DEBUG r.g.a.config.DatabaseConfig$1 - Executing prepared SQL query
2026-10-02 12:02:48 [http-nio-8080-exec-3] DEBUG r.g.a.config.DatabaseConfig$1 - Executing prepared SQL statement [SELECT AVG(availability) FROM report_building_area WHERE production_day = ?]
2026-10-02 12:02:48 [http-nio-8080-exec-3] DEBUG r.g.a.config.DatabaseConfig$1 - Executing prepared SQL query
2026-10-02 12:02:48 [http-nio-8080-exec-3] DEBUG r.g.a.config.DatabaseConfig$1 - Executing prepared SQL statement [SELECT AVG(availability) FROM report_building_area WHERE YEAR(STR_TO_DATE(production_day, '%d.%m.%Y')) = ? AND MONTH(STR_TO_DATE(production_day, '%d.%m.%Y')) = ?]
2026-10-02 12:02:48 [http-nio-8080-exec-3] DEBUG r.g.a.config.DatabaseConfig$1 - Executing prepared SQL query
2026-10-02 12:02:48 [http-nio-8080-exec-3] DEBUG r.g.a.config.DatabaseConfig$1 - Executing prepared SQL statement [SELECT AVG(downtime_percentage) as bd FROM report_curing_area WHERE production_day = ?]
2026-10-02 12:02:48 [http-nio-8080-exec-3] DEBUG r.g.a.config.DatabaseConfig$1 - Executing prepared SQL query
2026-10-02 12:02:48 [http-nio-8080-exec-3] DEBUG r.g.a.config.DatabaseConfig$1 - Executing prepared SQL statement [SELECT AVG(downtime_percentage) as bd FROM report_curing_area WHERE YEAR(STR_TO_DATE(production_day, '%d.%m.%Y')) = ? AND MONTH(STR_TO_DATE(production_day, '%d.%m.%Y')) = ?]
2026-10-02 12:02:48 [http-nio-8080-exec-3] DEBUG r.g.a.config.DatabaseConfig$1 - Executing prepared SQL query
2026-10-02 12:02:48 [http-nio-8080-exec-3] DEBUG r.g.a.config.DatabaseConfig$1 - Executing prepared SQL statement [SELECT AVG(availability) FROM report_curing_area WHERE production_day = ?]
2026-10-02 12:02:48 [http-nio-8080-exec-3] DEBUG r.g.a.config.DatabaseConfig$1 - Executing prepared SQL query
2026-10-02 12:02:48 [http-nio-8080-exec-3] DEBUG r.g.a.config.DatabaseConfig$1 - Executing prepared SQL statement [SELECT AVG(availability) FROM report_curing_area WHERE YEAR(STR_TO_DATE(production_day, '%d.%m.%Y')) = ? AND MONTH(STR_TO_DATE(production_day, '%d.%m.%Y')) = ?]
2026-10-02 12:02:48 [http-nio-8080-exec-3] DEBUG r.g.a.config.DatabaseConfig$1 - Executing prepared SQL query
2026-10-02 12:02:48 [http-nio-8080-exec-3] DEBUG r.g.a.config.DatabaseConfig$1 - Executing prepared SQL statement [SELECT AVG(downtime_percentage) as bd FROM report_finishig_area WHERE production_day = ?]
2026-10-02 12:02:48 [http-nio-8080-exec-3] DEBUG r.g.a.config.DatabaseConfig$1 - Executing prepared SQL query
2026-10-02 12:02:48 [http-nio-8080-exec-3] DEBUG r.g.a.config.DatabaseConfig$1 - Executing prepared SQL statement [SELECT AVG(downtime_percentage) as bd FROM report_finishig_area WHERE YEAR(STR_TO_DATE(production_day, '%d.%m.%Y')) = ? AND MONTH(STR_TO_DATE(production_day, '%d.%m.%Y')) = ?]
2026-10-02 12:02:48 [http-nio-8080-exec-3] DEBUG r.g.a.config.DatabaseConfig$1 - Executing prepared SQL query
2026-10-02 12:02:48 [http-nio-8080-exec-3] DEBUG r.g.a.config.DatabaseConfig$1 - Executing prepared SQL statement [SELECT AVG(availability) FROM report_finishig_area WHERE production_day = ?]
2026-10-02 12:02:48 [http-nio-8080-exec-3] DEBUG r.g.a.config.DatabaseConfig$1 - Executing prepared SQL query
2026-10-02 12:02:48 [http-nio-8080-exec-3] DEBUG r.g.a.config.DatabaseConfig$1 - Executing prepared SQL statement [SELECT AVG(availability) FROM report_finishig_area WHERE YEAR(STR_TO_DATE(production_day, '%d.%m.%Y')) = ? AND MONTH(STR_TO_DATE(production_day, '%d.%m.%Y')) = ?]
2026-10-02 12:02:48 [http-nio-8080-exec-3] DEBUG r.g.a.config.DatabaseConfig$1 - Executing prepared SQL query
2026-10-02 12:02:48 [http-nio-8080-exec-3] DEBUG r.g.a.config.DatabaseConfig$1 - Executing prepared SQL statement [SELECT AVG(downtime_percentage) as bd FROM report_modules WHERE production_day = ?]
2026-10-02 12:02:48 [http-nio-8080-exec-3] DEBUG r.g.a.config.DatabaseConfig$1 - Executing prepared SQL query
2026-10-02 12:02:48 [http-nio-8080-exec-3] DEBUG r.g.a.config.DatabaseConfig$1 - Executing prepared SQL statement [SELECT AVG(downtime_percentage) as bd FROM report_modules WHERE YEAR(STR_TO_DATE(production_day, '%d.%m.%Y')) = ? AND MONTH(STR_TO_DATE(production_day, '%d.%m.%Y')) = ?]
2026-10-02 12:02:48 [http-nio-8080-exec-3] DEBUG r.g.a.config.DatabaseConfig$1 - Executing prepared SQL query
2026-10-02 12:02:48 [http-nio-8080-exec-3] DEBUG r.g.a.config.DatabaseConfig$1 - Executing prepared SQL statement [SELECT AVG(availability) FROM report_modules WHERE production_day = ?]
2026-10-02 12:02:48 [http-nio-8080-exec-3] DEBUG r.g.a.config.DatabaseConfig$1 - Executing prepared SQL query
2026-10-02 12:02:48 [http-nio-8080-exec-3] DEBUG r.g.a.config.DatabaseConfig$1 - Executing prepared SQL statement [SELECT AVG(availability) FROM report_modules WHERE YEAR(STR_TO_DATE(production_day, '%d.%m.%Y')) = ? AND MONTH(STR_TO_DATE(production_day, '%d.%m.%Y')) = ?]
2026-10-02 12:02:48 [http-nio-8080-exec-3] DEBUG r.g.a.config.DatabaseConfig$1 - Executing prepared SQL query
2026-10-02 12:02:48 [http-nio-8080-exec-3] DEBUG r.g.a.config.DatabaseConfig$1 - Executing prepared SQL statement [SELECT AVG(downtime_percentage) as bd FROM report_plant WHERE production_day = ?]
2026-10-02 12:02:48 [http-nio-8080-exec-3] DEBUG r.g.a.config.DatabaseConfig$1 - Executing prepared SQL query
2026-10-02 12:02:48 [http-nio-8080-exec-3] DEBUG r.g.a.config.DatabaseConfig$1 - Executing prepared SQL statement [SELECT AVG(downtime_percentage) as bd FROM report_plant WHERE YEAR(STR_TO_DATE(production_day, '%d.%m.%Y')) = ? AND MONTH(STR_TO_DATE(production_day, '%d.%m.%Y')) = ?]
2026-10-02 12:02:48 [http-nio-8080-exec-3] DEBUG r.g.a.config.DatabaseConfig$1 - Executing prepared SQL query
2026-10-02 12:02:48 [http-nio-8080-exec-3] DEBUG r.g.a.config.DatabaseConfig$1 - Executing prepared SQL statement [SELECT AVG(availability) FROM report_plant WHERE production_day = ?]
2026-10-02 12:02:48 [http-nio-8080-exec-3] DEBUG r.g.a.config.DatabaseConfig$1 - Executing prepared SQL query
2026-10-02 12:02:48 [http-nio-8080-exec-3] DEBUG r.g.a.config.DatabaseConfig$1 - Executing prepared SQL statement [SELECT AVG(availability) FROM report_plant WHERE YEAR(STR_TO_DATE(production_day, '%d.%m.%Y')) = ? AND MONTH(STR_TO_DATE(production_day, '%d.%m.%Y')) = ?]
2026-10-02 12:02:51 [http-nio-8080-exec-9] DEBUG r.g.a.config.DatabaseConfig$1 - Executing SQL query [SELECT DISTINCT YEAR(created_at) AS year FROM availability_stats ORDER BY year DESC]
2026-10-02 12:02:51 [http-nio-8080-exec-6] DEBUG r.g.a.config.DatabaseConfig$1 - Executing prepared SQL query
2026-10-02 12:02:51 [http-nio-8080-exec-6] DEBUG r.g.a.config.DatabaseConfig$1 - Executing prepared SQL statement [SELECT DISTINCT MONTH(created_at) AS month FROM availability_stats WHERE YEAR(created_at) IN (?) ORDER BY month]
2026-10-02 12:02:51 [http-nio-8080-exec-4] DEBUG r.g.a.config.DatabaseConfig$1 - Executing prepared SQL query
2026-10-02 12:02:51 [http-nio-8080-exec-4] DEBUG r.g.a.config.DatabaseConfig$1 - Executing prepared SQL statement [SELECT month, availability_percent, bd_percent, breakdowns_count, planned_repairs_percent,pm_repairs_percent, planned_repairs_count, total_repairs_count, created_at, YEAR(created_at) AS year, CONCAT(month, ' ', YEAR(created_at)) AS month_label FROM availability_stats WHERE YEAR(created_at) IN (?) AND MONTH(created_at) IN (?,?,?,?,?,?,?,?,?,?) ORDER BY created_at DESC, id DESC]
2026-10-02 12:02:51 [http-nio-8080-exec-4] DEBUG r.g.a.config.DatabaseConfig$1 - Executing prepared SQL query
2026-10-02 12:02:51 [http-nio-8080-exec-4] DEBUG r.g.a.config.DatabaseConfig$1 - Executing prepared SQL statement [SELECT YEAR(created_at) AS year, MONTH(created_at) AS month_val FROM availability_stats WHERE YEAR(created_at) IN (?) AND MONTH(created_at) IN (?,?,?,?,?,?,?,?,?,?) ORDER BY created_at DESC, id DESC]
2026-10-02 12:02:51 [http-nio-8080-exec-4] DEBUG r.g.a.service.FinalService - FinalService: orderedYearMonths=[{year=2026-01-01, month_val=10}, {year=2026-01-01, month_val=9}, {year=2026-01-01, month_val=8}, {year=2026-01-01, month_val=7}, {year=2026-01-01, month_val=6}, {year=2026-01-01, month_val=5}, {year=2026-01-01, month_val=4}, {year=2026-01-01, month_val=3}, {year=2026-01-01, month_val=2}, {year=2026-01-01, month_val=1}], diagnostics %=[0.0, 15.573770491803279, 100.0, 100.0, 100.0, 100.0, 100.0, 100.0, 100.0, 100.0]
2026-10-02 15:44:15 [main] INFO  r.g.a.AssistantCoreApplication - Starting AssistantCoreApplication using Java 17.0.12 with PID 24776 (C:\Users\user\IdeaProjects\RepairAIAssistant\assistant-core\target\classes started by user in C:\Users\user\IdeaProjects\RepairAIAssistant\assistant-core)
2026-10-02 15:44:15 [main] DEBUG r.g.a.AssistantCoreApplication - Running with Spring Boot v3.5.4, Spring v6.2.9
2026-10-02 15:44:15 [main] INFO  r.g.a.AssistantCoreApplication - No active profile set, falling back to 1 default profile: "default"
2026-10-02 15:44:16 [main] INFO  o.s.d.r.c.RepositoryConfigurationDelegate - Bootstrapping Spring Data JPA repositories in DEFAULT mode.
2026-10-02 15:44:16 [main] INFO  o.s.d.r.c.RepositoryConfigurationDelegate - Finished Spring Data repository scanning in 40 ms. Found 13 JPA repository interfaces.
2026-10-02 15:44:16 [main] INFO  o.s.b.w.e.tomcat.TomcatWebServer - Tomcat initialized with port 8080 (http)
2026-10-02 15:44:16 [main] INFO  o.a.catalina.core.StandardService - Starting service [Tomcat]
2026-10-02 15:44:16 [main] INFO  o.a.catalina.core.StandardEngine - Starting Servlet engine: [Apache Tomcat/10.1.43]
2026-10-02 15:44:16 [main] INFO  o.a.c.c.C.[Tomcat].[localhost].[/] - Initializing Spring embedded WebApplicationContext
2026-10-02 15:44:16 [main] INFO  o.s.b.w.s.c.ServletWebServerApplicationContext - Root WebApplicationContext: initialization completed in 788 ms
2026-10-02 15:44:16 [main] INFO  o.s.o.j.p.SpringPersistenceUnitInfo - No LoadTimeWeaver setup: ignoring JPA class transformer
2026-10-02 15:44:16 [main] INFO  com.zaxxer.hikari.HikariDataSource - HikariPool-1 - Starting...
2026-10-02 15:44:17 [main] INFO  com.zaxxer.hikari.pool.HikariPool - HikariPool-1 - Added connection com.mysql.cj.jdbc.ConnectionImpl@72a33316
2026-10-02 15:44:17 [main] INFO  com.zaxxer.hikari.HikariDataSource - HikariPool-1 - Start completed.
2026-10-02 15:44:17 [main] INFO  o.s.o.j.LocalContainerEntityManagerFactoryBean - Initialized JPA EntityManagerFactory for persistence unit 'default'
2026-10-02 15:44:17 [main] INFO  o.s.d.j.r.query.QueryEnhancerFactory - Hibernate is in classpath; If applicable, HQL parser will be used.
2026-10-02 15:44:18 [main] INFO  r.g.a.s.DiagnosticsFileStorageService - Diagnostics upload directory: C:\Users\user\IdeaProjects\RepairAIAssistant\assistant-core\uploads\diagnostics
2026-10-02 15:44:18 [main] WARN  r.g.a.s.ResourceValidationService - ? Файл с инструкциями по ремонту не найден: training/repair_instructions.json
2026-10-02 15:44:18 [main] WARN  r.g.a.s.ResourceValidationService - ? Файл с обучающими данными не найден: training/query_training_data.jsonl
2026-10-02 15:44:18 [main] ERROR r.g.a.s.RepairInstructionsService - Файл training/repair_instructions.json не найден в classpath
2026-10-02 15:44:18 [main] INFO  r.g.a.s.OptimizedModelTrainingService - Инициализация оптимизированного сервиса обучения
2026-10-02 15:44:18 [main] WARN  o.s.b.a.o.j.JpaBaseConfiguration$JpaWebConfiguration - spring.jpa.open-in-view is enabled by default. Therefore, database queries may be performed during view rendering. Explicitly configure spring.jpa.open-in-view to disable this warning
2026-10-02 15:44:18 [main] INFO  o.s.b.w.e.tomcat.TomcatWebServer - Tomcat started on port 8080 (http) with context path '/'
2026-10-02 15:44:18 [main] INFO  r.g.a.AssistantCoreApplication - Started AssistantCoreApplication in 3.532 seconds (process running for 3.719)
2026-10-02 15:44:18 [main] DEBUG r.g.a.config.DatabaseConfig$1 - Executing SQL statement [CREATE TABLE IF NOT EXISTS energy_steam_hourly_value (
    id BIGINT AUTO_INCREMENT PRIMARY KEY,
    fact_time DATETIME NOT NULL,
    consumer_code VARCHAR(64) NOT NULL,
    consumer_label VARCHAR(128) NOT NULL,
    flow_value DECIMAL(24, 8) NULL,
    temp_c DECIMAL(24, 8) NULL,
    pressure_mpa DECIMAL(24, 8) NULL,
    mass_t DECIMAL(24, 8) NULL,
    source_file VARCHAR(512) NULL,
    created_at TIMESTAMP NOT NULL DEFAULT CURRENT_TIMESTAMP,
    UNIQUE KEY uk_energy_steam_time_consumer (fact_time, consumer_code),
    KEY idx_energy_steam_time (fact_time),
    KEY idx_energy_steam_consumer_time (consumer_code, fact_time)
) ENGINE=InnoDB DEFAULT CHARSET=utf8mb4
]
2026-10-02 15:44:18 [main] DEBUG r.g.a.config.DatabaseConfig$1 - SQLWarning ignored: SQL state '42S01', error code '1050', message [Table 'energy_steam_hourly_value' already exists]
2026-10-02 15:44:19 [main] INFO  r.g.a.e.EnergySteamHourlySchemaInitializer - Таблица energy_steam_hourly_value проверена/создана
2026-10-02 15:44:19 [main] DEBUG r.g.a.config.DatabaseConfig$1 - Executing SQL statement [CREATE TABLE IF NOT EXISTS energy_air_hourly_value (
    id BIGINT AUTO_INCREMENT PRIMARY KEY,
    fact_time DATETIME NOT NULL,
    building_code VARCHAR(32) NOT NULL,
    building_label VARCHAR(64) NOT NULL,
    pressure_mpa DECIMAL(24, 8) NULL,
    volume_m3 DECIMAL(24, 8) NULL,
    source_file VARCHAR(512) NULL,
    created_at TIMESTAMP NOT NULL DEFAULT CURRENT_TIMESTAMP,
    UNIQUE KEY uk_energy_air_time_building (fact_time, building_code),
    KEY idx_energy_air_time (fact_time),
    KEY idx_energy_air_building_time (building_code, fact_time)
) ENGINE=InnoDB DEFAULT CHARSET=utf8mb4
]
2026-10-02 15:44:19 [main] DEBUG r.g.a.config.DatabaseConfig$1 - SQLWarning ignored: SQL state '42S01', error code '1050', message [Table 'energy_air_hourly_value' already exists]
2026-10-02 15:44:19 [main] INFO  r.g.a.e.EnergyAirSchemaInitializer - Таблица energy_air_hourly_value проверена/создана
2026-10-02 15:44:19 [main] INFO  r.g.a.service.DataInitService - ? Подключение к базе данных успешно!
2026-10-02 15:44:19 [main] INFO  r.g.a.service.DataInitService - ? Записей обслуживания: 136071
2026-10-02 15:44:19 [main] INFO  r.g.a.service.DataInitService - ?? Отчетов о поломках: 0
2026-10-02 15:44:19 [main] INFO  r.g.a.service.DataInitService - ?? Отчетов о сложных ремонтах: 309
2026-10-02 15:44:19 [http-nio-8080-exec-1] INFO  o.a.c.c.C.[Tomcat].[localhost].[/] - Initializing Spring DispatcherServlet 'dispatcherServlet'
2026-10-02 15:44:19 [http-nio-8080-exec-1] INFO  o.s.web.servlet.DispatcherServlet - Initializing Servlet 'dispatcherServlet'
2026-10-02 15:44:19 [http-nio-8080-exec-1] INFO  o.s.web.servlet.DispatcherServlet - Completed initialization in 3 ms
2026-10-02 15:44:47 [http-nio-8080-exec-4] DEBUG r.g.a.config.DatabaseConfig$1 - Executing SQL query [SELECT machine_name, SUM(TIME_TO_SEC(machine_downtime)) AS machine_downtime_seconds FROM equipment_maintenance_records WHERE week_number = WEEK(CURDATE(), 3) AND YEAR(start_bd_t1) = YEAR(CURDATE()) AND failure_type <> 'Другие' GROUP BY machine_name ORDER BY SUM(TIME_TO_SEC(machine_downtime)) DESC LIMIT 4]
2026-10-02 15:44:47 [http-nio-8080-exec-5] DEBUG r.g.a.config.DatabaseConfig$1 - Executing SQL query [SELECT machine_name, SUM(TIME_TO_SEC(machine_downtime)) AS machine_downtime_seconds FROM equipment_maintenance_records WHERE week_number = WEEK(CURDATE(), 3) AND YEAR(start_bd_t1) = YEAR(CURDATE()) AND failure_type <> 'Другие' AND machine_name IN ('Mixer GK 270 T-C 2.1', 'Mixer GK 320 E 1.1', 'Calender Complex Berstorf - 01', 'Bandina - 01', 'Duplex - 01', 'Calender Comerio Ercole - 01', 'VMI APEX - 01', 'VMI APEX - 02', 'Trafila Quadruplex - 01', 'Bartell Bead Machine - 01', 'TTM fisher belt cutting - 01', 'VMI TPCS 1600-1000') GROUP BY machine_name ORDER BY SUM(TIME_TO_SEC(machine_downtime)) DESC LIMIT 4]
2026-10-02 15:44:47 [http-nio-8080-exec-7] DEBUG r.g.a.config.DatabaseConfig$1 - Executing prepared SQL query
2026-10-02 15:44:47 [http-nio-8080-exec-3] DEBUG r.g.a.config.DatabaseConfig$1 - Executing prepared SQL query
2026-10-02 15:44:47 [http-nio-8080-exec-6] DEBUG r.g.a.config.DatabaseConfig$1 - Executing prepared SQL query
2026-10-02 15:44:47 [http-nio-8080-exec-2] DEBUG r.g.a.config.DatabaseConfig$1 - Executing prepared SQL query
2026-10-02 15:44:47 [http-nio-8080-exec-7] DEBUG r.g.a.config.DatabaseConfig$1 - Executing prepared SQL statement [SELECT r.first_production_day, r.last_production_day FROM production_days_correction c JOIN production_days_correction_range r ON r.correction_id = c.id WHERE c.year = ? AND c.month = ? ORDER BY r.first_production_day]
2026-10-02 15:44:47 [http-nio-8080-exec-3] DEBUG r.g.a.config.DatabaseConfig$1 - Executing prepared SQL statement [SELECT r.first_production_day, r.last_production_day FROM production_days_correction c JOIN production_days_correction_range r ON r.correction_id = c.id WHERE c.year = ? AND c.month = ? ORDER BY r.first_production_day]
2026-10-02 15:44:47 [http-nio-8080-exec-6] DEBUG r.g.a.config.DatabaseConfig$1 - Executing prepared SQL statement [SELECT production_day, quantity_pm_planned AS plan, quantity_pm_close AS fact, quantity_tag AS tag FROM report_plant WHERE YEAR(STR_TO_DATE(production_day, '%d.%m.%Y')) = ? AND MONTH(STR_TO_DATE(production_day, '%d.%m.%Y')) = ? ORDER BY STR_TO_DATE(production_day, '%d.%m.%Y')]
2026-10-02 15:44:47 [http-nio-8080-exec-2] DEBUG r.g.a.config.DatabaseConfig$1 - Executing prepared SQL statement [SELECT r.first_production_day, r.last_production_day FROM production_days_correction c JOIN production_days_correction_range r ON r.correction_id = c.id WHERE c.year = ? AND c.month = ? ORDER BY r.first_production_day]
2026-10-02 15:44:47 [http-nio-8080-exec-2] DEBUG r.g.a.config.DatabaseConfig$1 - Executing prepared SQL query
2026-10-02 15:44:47 [http-nio-8080-exec-7] DEBUG r.g.a.config.DatabaseConfig$1 - Executing prepared SQL query
2026-10-02 15:44:47 [http-nio-8080-exec-2] DEBUG r.g.a.config.DatabaseConfig$1 - Executing prepared SQL statement [SELECT production_day, downtime_percentage FROM report_plant WHERE YEAR(STR_TO_DATE(production_day, '%d.%m.%Y')) = ? AND MONTH(STR_TO_DATE(production_day, '%d.%m.%Y')) = ? ORDER BY STR_TO_DATE(production_day, '%d.%m.%Y')]
2026-10-02 15:44:47 [http-nio-8080-exec-3] DEBUG r.g.a.config.DatabaseConfig$1 - Executing prepared SQL query
2026-10-02 15:44:47 [http-nio-8080-exec-7] DEBUG r.g.a.config.DatabaseConfig$1 - Executing prepared SQL statement [SELECT production_day, availability FROM report_plant WHERE YEAR(STR_TO_DATE(production_day, '%d.%m.%Y')) = ? AND MONTH(STR_TO_DATE(production_day, '%d.%m.%Y')) = ? ORDER BY STR_TO_DATE(production_day, '%d.%m.%Y')]
2026-10-02 15:44:47 [http-nio-8080-exec-3] DEBUG r.g.a.config.DatabaseConfig$1 - Executing prepared SQL statement [SELECT AVG(downtime_percentage) as bd FROM report_new_mixing_area WHERE production_day = ?]
2026-10-02 15:44:47 [http-nio-8080-exec-3] DEBUG r.g.a.config.DatabaseConfig$1 - Executing prepared SQL query
2026-10-02 15:44:47 [http-nio-8080-exec-3] DEBUG r.g.a.config.DatabaseConfig$1 - Executing prepared SQL statement [SELECT AVG(downtime_percentage) as bd FROM report_new_mixing_area WHERE YEAR(STR_TO_DATE(production_day, '%d.%m.%Y')) = ? AND MONTH(STR_TO_DATE(production_day, '%d.%m.%Y')) = ?]
2026-10-02 15:44:47 [http-nio-8080-exec-3] DEBUG r.g.a.config.DatabaseConfig$1 - Executing prepared SQL query
2026-10-02 15:44:47 [http-nio-8080-exec-3] DEBUG r.g.a.config.DatabaseConfig$1 - Executing prepared SQL statement [SELECT AVG(availability) FROM report_new_mixing_area WHERE production_day = ?]
2026-10-02 15:44:47 [http-nio-8080-exec-3] DEBUG r.g.a.config.DatabaseConfig$1 - Executing prepared SQL query
2026-10-02 15:44:47 [http-nio-8080-exec-3] DEBUG r.g.a.config.DatabaseConfig$1 - Executing prepared SQL statement [SELECT AVG(availability) FROM report_new_mixing_area WHERE YEAR(STR_TO_DATE(production_day, '%d.%m.%Y')) = ? AND MONTH(STR_TO_DATE(production_day, '%d.%m.%Y')) = ?]
2026-10-02 15:44:47 [http-nio-8080-exec-3] DEBUG r.g.a.config.DatabaseConfig$1 - Executing prepared SQL query
2026-10-02 15:44:47 [http-nio-8080-exec-3] DEBUG r.g.a.config.DatabaseConfig$1 - Executing prepared SQL statement [SELECT AVG(downtime_percentage) as bd FROM report_semifinishing_area WHERE production_day = ?]
2026-10-02 15:44:47 [http-nio-8080-exec-3] DEBUG r.g.a.config.DatabaseConfig$1 - Executing prepared SQL query
2026-10-02 15:44:47 [http-nio-8080-exec-3] DEBUG r.g.a.config.DatabaseConfig$1 - Executing prepared SQL statement [SELECT AVG(downtime_percentage) as bd FROM report_semifinishing_area WHERE YEAR(STR_TO_DATE(production_day, '%d.%m.%Y')) = ? AND MONTH(STR_TO_DATE(production_day, '%d.%m.%Y')) = ?]
2026-10-02 15:44:47 [http-nio-8080-exec-3] DEBUG r.g.a.config.DatabaseConfig$1 - Executing prepared SQL query
2026-10-02 15:44:47 [http-nio-8080-exec-3] DEBUG r.g.a.config.DatabaseConfig$1 - Executing prepared SQL statement [SELECT AVG(availability) FROM report_semifinishing_area WHERE production_day = ?]
2026-10-02 15:44:47 [http-nio-8080-exec-3] DEBUG r.g.a.config.DatabaseConfig$1 - Executing prepared SQL query
2026-10-02 15:44:47 [http-nio-8080-exec-3] DEBUG r.g.a.config.DatabaseConfig$1 - Executing prepared SQL statement [SELECT AVG(availability) FROM report_semifinishing_area WHERE YEAR(STR_TO_DATE(production_day, '%d.%m.%Y')) = ? AND MONTH(STR_TO_DATE(production_day, '%d.%m.%Y')) = ?]
2026-10-02 15:44:47 [http-nio-8080-exec-3] DEBUG r.g.a.config.DatabaseConfig$1 - Executing prepared SQL query
2026-10-02 15:44:47 [http-nio-8080-exec-3] DEBUG r.g.a.config.DatabaseConfig$1 - Executing prepared SQL statement [SELECT AVG(downtime_percentage) as bd FROM report_building_area WHERE production_day = ?]
2026-10-02 15:44:47 [http-nio-8080-exec-3] DEBUG r.g.a.config.DatabaseConfig$1 - Executing prepared SQL query
2026-10-02 15:44:47 [http-nio-8080-exec-3] DEBUG r.g.a.config.DatabaseConfig$1 - Executing prepared SQL statement [SELECT AVG(downtime_percentage) as bd FROM report_building_area WHERE YEAR(STR_TO_DATE(production_day, '%d.%m.%Y')) = ? AND MONTH(STR_TO_DATE(production_day, '%d.%m.%Y')) = ?]
2026-10-02 15:44:47 [http-nio-8080-exec-3] DEBUG r.g.a.config.DatabaseConfig$1 - Executing prepared SQL query
2026-10-02 15:44:47 [http-nio-8080-exec-3] DEBUG r.g.a.config.DatabaseConfig$1 - Executing prepared SQL statement [SELECT AVG(availability) FROM report_building_area WHERE production_day = ?]
2026-10-02 15:44:47 [http-nio-8080-exec-3] DEBUG r.g.a.config.DatabaseConfig$1 - Executing prepared SQL query
2026-10-02 15:44:47 [http-nio-8080-exec-3] DEBUG r.g.a.config.DatabaseConfig$1 - Executing prepared SQL statement [SELECT AVG(availability) FROM report_building_area WHERE YEAR(STR_TO_DATE(production_day, '%d.%m.%Y')) = ? AND MONTH(STR_TO_DATE(production_day, '%d.%m.%Y')) = ?]
2026-10-02 15:44:47 [http-nio-8080-exec-3] DEBUG r.g.a.config.DatabaseConfig$1 - Executing prepared SQL query
2026-10-02 15:44:47 [http-nio-8080-exec-3] DEBUG r.g.a.config.DatabaseConfig$1 - Executing prepared SQL statement [SELECT AVG(downtime_percentage) as bd FROM report_curing_area WHERE production_day = ?]
2026-10-02 15:44:47 [http-nio-8080-exec-3] DEBUG r.g.a.config.DatabaseConfig$1 - Executing prepared SQL query
2026-10-02 15:44:47 [http-nio-8080-exec-3] DEBUG r.g.a.config.DatabaseConfig$1 - Executing prepared SQL statement [SELECT AVG(downtime_percentage) as bd FROM report_curing_area WHERE YEAR(STR_TO_DATE(production_day, '%d.%m.%Y')) = ? AND MONTH(STR_TO_DATE(production_day, '%d.%m.%Y')) = ?]
2026-10-02 15:44:47 [http-nio-8080-exec-3] DEBUG r.g.a.config.DatabaseConfig$1 - Executing prepared SQL query
2026-10-02 15:44:47 [http-nio-8080-exec-3] DEBUG r.g.a.config.DatabaseConfig$1 - Executing prepared SQL statement [SELECT AVG(availability) FROM report_curing_area WHERE production_day = ?]
2026-10-02 15:44:47 [http-nio-8080-exec-3] DEBUG r.g.a.config.DatabaseConfig$1 - Executing prepared SQL query
2026-10-02 15:44:47 [http-nio-8080-exec-3] DEBUG r.g.a.config.DatabaseConfig$1 - Executing prepared SQL statement [SELECT AVG(availability) FROM report_curing_area WHERE YEAR(STR_TO_DATE(production_day, '%d.%m.%Y')) = ? AND MONTH(STR_TO_DATE(production_day, '%d.%m.%Y')) = ?]
2026-10-02 15:44:47 [http-nio-8080-exec-3] DEBUG r.g.a.config.DatabaseConfig$1 - Executing prepared SQL query
2026-10-02 15:44:47 [http-nio-8080-exec-3] DEBUG r.g.a.config.DatabaseConfig$1 - Executing prepared SQL statement [SELECT AVG(downtime_percentage) as bd FROM report_finishig_area WHERE production_day = ?]
2026-10-02 15:44:47 [http-nio-8080-exec-3] DEBUG r.g.a.config.DatabaseConfig$1 - Executing prepared SQL query
2026-10-02 15:44:47 [http-nio-8080-exec-3] DEBUG r.g.a.config.DatabaseConfig$1 - Executing prepared SQL statement [SELECT AVG(downtime_percentage) as bd FROM report_finishig_area WHERE YEAR(STR_TO_DATE(production_day, '%d.%m.%Y')) = ? AND MONTH(STR_TO_DATE(production_day, '%d.%m.%Y')) = ?]
2026-10-02 15:44:47 [http-nio-8080-exec-3] DEBUG r.g.a.config.DatabaseConfig$1 - Executing prepared SQL query
2026-10-02 15:44:47 [http-nio-8080-exec-3] DEBUG r.g.a.config.DatabaseConfig$1 - Executing prepared SQL statement [SELECT AVG(availability) FROM report_finishig_area WHERE production_day = ?]
2026-10-02 15:44:47 [http-nio-8080-exec-3] DEBUG r.g.a.config.DatabaseConfig$1 - Executing prepared SQL query
2026-10-02 15:44:47 [http-nio-8080-exec-3] DEBUG r.g.a.config.DatabaseConfig$1 - Executing prepared SQL statement [SELECT AVG(availability) FROM report_finishig_area WHERE YEAR(STR_TO_DATE(production_day, '%d.%m.%Y')) = ? AND MONTH(STR_TO_DATE(production_day, '%d.%m.%Y')) = ?]
2026-10-02 15:44:47 [http-nio-8080-exec-3] DEBUG r.g.a.config.DatabaseConfig$1 - Executing prepared SQL query
2026-10-02 15:44:47 [http-nio-8080-exec-3] DEBUG r.g.a.config.DatabaseConfig$1 - Executing prepared SQL statement [SELECT AVG(downtime_percentage) as bd FROM report_modules WHERE production_day = ?]
2026-10-02 15:44:47 [http-nio-8080-exec-3] DEBUG r.g.a.config.DatabaseConfig$1 - Executing prepared SQL query
2026-10-02 15:44:47 [http-nio-8080-exec-3] DEBUG r.g.a.config.DatabaseConfig$1 - Executing prepared SQL statement [SELECT AVG(downtime_percentage) as bd FROM report_modules WHERE YEAR(STR_TO_DATE(production_day, '%d.%m.%Y')) = ? AND MONTH(STR_TO_DATE(production_day, '%d.%m.%Y')) = ?]
2026-10-02 15:44:47 [http-nio-8080-exec-3] DEBUG r.g.a.config.DatabaseConfig$1 - Executing prepared SQL query
2026-10-02 15:44:47 [http-nio-8080-exec-3] DEBUG r.g.a.config.DatabaseConfig$1 - Executing prepared SQL statement [SELECT AVG(availability) FROM report_modules WHERE production_day = ?]
2026-10-02 15:44:47 [http-nio-8080-exec-3] DEBUG r.g.a.config.DatabaseConfig$1 - Executing prepared SQL query
2026-10-02 15:44:47 [http-nio-8080-exec-3] DEBUG r.g.a.config.DatabaseConfig$1 - Executing prepared SQL statement [SELECT AVG(availability) FROM report_modules WHERE YEAR(STR_TO_DATE(production_day, '%d.%m.%Y')) = ? AND MONTH(STR_TO_DATE(production_day, '%d.%m.%Y')) = ?]
2026-10-02 15:44:47 [http-nio-8080-exec-3] DEBUG r.g.a.config.DatabaseConfig$1 - Executing prepared SQL query
2026-10-02 15:44:47 [http-nio-8080-exec-3] DEBUG r.g.a.config.DatabaseConfig$1 - Executing prepared SQL statement [SELECT AVG(downtime_percentage) as bd FROM report_plant WHERE production_day = ?]
2026-10-02 15:44:47 [http-nio-8080-exec-3] DEBUG r.g.a.config.DatabaseConfig$1 - Executing prepared SQL query
2026-10-02 15:44:47 [http-nio-8080-exec-3] DEBUG r.g.a.config.DatabaseConfig$1 - Executing prepared SQL statement [SELECT AVG(downtime_percentage) as bd FROM report_plant WHERE YEAR(STR_TO_DATE(production_day, '%d.%m.%Y')) = ? AND MONTH(STR_TO_DATE(production_day, '%d.%m.%Y')) = ?]
2026-10-02 15:44:47 [http-nio-8080-exec-3] DEBUG r.g.a.config.DatabaseConfig$1 - Executing prepared SQL query
2026-10-02 15:44:47 [http-nio-8080-exec-3] DEBUG r.g.a.config.DatabaseConfig$1 - Executing prepared SQL statement [SELECT AVG(availability) FROM report_plant WHERE production_day = ?]
2026-10-02 15:44:47 [http-nio-8080-exec-3] DEBUG r.g.a.config.DatabaseConfig$1 - Executing prepared SQL query
2026-10-02 15:44:47 [http-nio-8080-exec-3] DEBUG r.g.a.config.DatabaseConfig$1 - Executing prepared SQL statement [SELECT AVG(availability) FROM report_plant WHERE YEAR(STR_TO_DATE(production_day, '%d.%m.%Y')) = ? AND MONTH(STR_TO_DATE(production_day, '%d.%m.%Y')) = ?]
2026-10-02 15:44:51 [http-nio-8080-exec-7] DEBUG r.g.a.config.DatabaseConfig$1 - Executing prepared SQL query
2026-10-02 15:44:51 [http-nio-8080-exec-6] DEBUG r.g.a.config.DatabaseConfig$1 - Executing prepared SQL query
2026-10-02 15:44:51 [http-nio-8080-exec-2] DEBUG r.g.a.config.DatabaseConfig$1 - Executing prepared SQL query
2026-10-02 15:44:51 [http-nio-8080-exec-9] DEBUG r.g.a.config.DatabaseConfig$1 - Executing prepared SQL query
2026-10-02 15:44:51 [http-nio-8080-exec-10] DEBUG r.g.a.config.DatabaseConfig$1 - Executing prepared SQL query
2026-10-02 15:44:51 [http-nio-8080-exec-1] DEBUG r.g.a.config.DatabaseConfig$1 - Executing prepared SQL query
2026-10-02 15:44:51 [http-nio-8080-exec-7] DEBUG r.g.a.config.DatabaseConfig$1 - Executing prepared SQL statement [SELECT production_day, quantity_pm_planned AS plan, quantity_pm_close AS fact, quantity_tag AS tag FROM report_plant WHERE YEAR(STR_TO_DATE(production_day, '%d.%m.%Y')) = ? AND MONTH(STR_TO_DATE(production_day, '%d.%m.%Y')) = ? ORDER BY STR_TO_DATE(production_day, '%d.%m.%Y')]
2026-10-02 15:44:51 [http-nio-8080-exec-6] DEBUG r.g.a.config.DatabaseConfig$1 - Executing prepared SQL statement [SELECT r.first_production_day, r.last_production_day FROM production_days_correction c JOIN production_days_correction_range r ON r.correction_id = c.id WHERE c.year = ? AND c.month = ? ORDER BY r.first_production_day]
2026-10-02 15:44:51 [http-nio-8080-exec-2] DEBUG r.g.a.config.DatabaseConfig$1 - Executing prepared SQL statement [SELECT r.first_production_day, r.last_production_day FROM production_days_correction c JOIN production_days_correction_range r ON r.correction_id = c.id WHERE c.year = ? AND c.month = ? ORDER BY r.first_production_day]
2026-10-02 15:44:51 [http-nio-8080-exec-9] DEBUG r.g.a.config.DatabaseConfig$1 - Executing prepared SQL statement [SELECT machine_name, SUM(TIME_TO_SEC(machine_downtime)) AS machine_downtime_seconds FROM equipment_maintenance_records WHERE failure_type <> 'Другие' AND machine_name IN ('Mixer GK 270 T-C 2.1', 'Mixer GK 320 E 1.1', 'Calender Complex Berstorf - 01', 'Bandina - 01', 'Duplex - 01', 'Calender Comerio Ercole - 01', 'VMI APEX - 01', 'VMI APEX - 02', 'Trafila Quadruplex - 01', 'Bartell Bead Machine - 01', 'TTM fisher belt cutting - 01', 'VMI TPCS 1600-1000') AND ( (production_day IS NOT NULL AND TRIM(production_day) <> '' AND STR_TO_DATE(production_day, '%d.%m.%Y') IS NOT NULL AND YEAR(STR_TO_DATE(production_day, '%d.%m.%Y')) = ? AND MONTH(STR_TO_DATE(production_day, '%d.%m.%Y')) = ?) OR ( (production_day IS NULL OR TRIM(production_day) = '' OR STR_TO_DATE(production_day, '%d.%m.%Y') IS NULL) AND YEAR(start_bd_t1) = ? AND MONTH(start_bd_t1) = ? ) ) GROUP BY machine_name ORDER BY SUM(TIME_TO_SEC(machine_downtime)) DESC LIMIT 4]
2026-10-02 15:44:51 [http-nio-8080-exec-10] DEBUG r.g.a.config.DatabaseConfig$1 - Executing prepared SQL statement [SELECT machine_name, SUM(TIME_TO_SEC(machine_downtime)) AS machine_downtime_seconds FROM equipment_maintenance_records WHERE failure_type <> 'Другие' AND ( (production_day IS NOT NULL AND TRIM(production_day) <> '' AND STR_TO_DATE(production_day, '%d.%m.%Y') IS NOT NULL AND YEAR(STR_TO_DATE(production_day, '%d.%m.%Y')) = ? AND MONTH(STR_TO_DATE(production_day, '%d.%m.%Y')) = ?) OR ( (production_day IS NULL OR TRIM(production_day) = '' OR STR_TO_DATE(production_day, '%d.%m.%Y') IS NULL) AND YEAR(start_bd_t1) = ? AND MONTH(start_bd_t1) = ? ) ) GROUP BY machine_name ORDER BY SUM(TIME_TO_SEC(machine_downtime)) DESC LIMIT 4]
2026-10-02 15:44:51 [http-nio-8080-exec-1] DEBUG r.g.a.config.DatabaseConfig$1 - Executing prepared SQL statement [SELECT r.first_production_day, r.last_production_day FROM production_days_correction c JOIN production_days_correction_range r ON r.correction_id = c.id WHERE c.year = ? AND c.month = ? ORDER BY r.first_production_day]
2026-10-02 15:44:51 [http-nio-8080-exec-2] DEBUG r.g.a.config.DatabaseConfig$1 - Executing prepared SQL query
2026-10-02 15:44:51 [http-nio-8080-exec-6] DEBUG r.g.a.config.DatabaseConfig$1 - Executing prepared SQL query
2026-10-02 15:44:51 [http-nio-8080-exec-2] DEBUG r.g.a.config.DatabaseConfig$1 - Executing prepared SQL statement [SELECT production_day, availability FROM report_plant WHERE YEAR(STR_TO_DATE(production_day, '%d.%m.%Y')) = ? AND MONTH(STR_TO_DATE(production_day, '%d.%m.%Y')) = ? ORDER BY STR_TO_DATE(production_day, '%d.%m.%Y')]
2026-10-02 15:44:51 [http-nio-8080-exec-6] DEBUG r.g.a.config.DatabaseConfig$1 - Executing prepared SQL statement [SELECT production_day, downtime_percentage FROM report_plant WHERE YEAR(STR_TO_DATE(production_day, '%d.%m.%Y')) = ? AND MONTH(STR_TO_DATE(production_day, '%d.%m.%Y')) = ? ORDER BY STR_TO_DATE(production_day, '%d.%m.%Y')]
2026-10-02 15:44:51 [http-nio-8080-exec-1] DEBUG r.g.a.config.DatabaseConfig$1 - Executing prepared SQL query
2026-10-02 15:44:51 [http-nio-8080-exec-1] DEBUG r.g.a.config.DatabaseConfig$1 - Executing prepared SQL statement [SELECT AVG(downtime_percentage) as bd FROM report_new_mixing_area WHERE production_day = ?]
2026-10-02 15:44:51 [http-nio-8080-exec-1] DEBUG r.g.a.config.DatabaseConfig$1 - Executing prepared SQL query
2026-10-02 15:44:51 [http-nio-8080-exec-1] DEBUG r.g.a.config.DatabaseConfig$1 - Executing prepared SQL statement [SELECT AVG(downtime_percentage) as bd FROM report_new_mixing_area WHERE YEAR(STR_TO_DATE(production_day, '%d.%m.%Y')) = ? AND MONTH(STR_TO_DATE(production_day, '%d.%m.%Y')) = ?]
2026-10-02 15:44:51 [http-nio-8080-exec-1] DEBUG r.g.a.config.DatabaseConfig$1 - Executing prepared SQL query
2026-10-02 15:44:51 [http-nio-8080-exec-1] DEBUG r.g.a.config.DatabaseConfig$1 - Executing prepared SQL statement [SELECT AVG(availability) FROM report_new_mixing_area WHERE production_day = ?]
2026-10-02 15:44:51 [http-nio-8080-exec-1] DEBUG r.g.a.config.DatabaseConfig$1 - Executing prepared SQL query
2026-10-02 15:44:51 [http-nio-8080-exec-1] DEBUG r.g.a.config.DatabaseConfig$1 - Executing prepared SQL statement [SELECT AVG(availability) FROM report_new_mixing_area WHERE YEAR(STR_TO_DATE(production_day, '%d.%m.%Y')) = ? AND MONTH(STR_TO_DATE(production_day, '%d.%m.%Y')) = ?]
2026-10-02 15:44:51 [http-nio-8080-exec-1] DEBUG r.g.a.config.DatabaseConfig$1 - Executing prepared SQL query
2026-10-02 15:44:51 [http-nio-8080-exec-1] DEBUG r.g.a.config.DatabaseConfig$1 - Executing prepared SQL statement [SELECT AVG(downtime_percentage) as bd FROM report_semifinishing_area WHERE production_day = ?]
2026-10-02 15:44:51 [http-nio-8080-exec-1] DEBUG r.g.a.config.DatabaseConfig$1 - Executing prepared SQL query
2026-10-02 15:44:51 [http-nio-8080-exec-1] DEBUG r.g.a.config.DatabaseConfig$1 - Executing prepared SQL statement [SELECT AVG(downtime_percentage) as bd FROM report_semifinishing_area WHERE YEAR(STR_TO_DATE(production_day, '%d.%m.%Y')) = ? AND MONTH(STR_TO_DATE(production_day, '%d.%m.%Y')) = ?]
2026-10-02 15:44:51 [http-nio-8080-exec-1] DEBUG r.g.a.config.DatabaseConfig$1 - Executing prepared SQL query
2026-10-02 15:44:51 [http-nio-8080-exec-1] DEBUG r.g.a.config.DatabaseConfig$1 - Executing prepared SQL statement [SELECT AVG(availability) FROM report_semifinishing_area WHERE production_day = ?]
2026-10-02 15:44:51 [http-nio-8080-exec-1] DEBUG r.g.a.config.DatabaseConfig$1 - Executing prepared SQL query
2026-10-02 15:44:51 [http-nio-8080-exec-1] DEBUG r.g.a.config.DatabaseConfig$1 - Executing prepared SQL statement [SELECT AVG(availability) FROM report_semifinishing_area WHERE YEAR(STR_TO_DATE(production_day, '%d.%m.%Y')) = ? AND MONTH(STR_TO_DATE(production_day, '%d.%m.%Y')) = ?]
2026-10-02 15:44:51 [http-nio-8080-exec-1] DEBUG r.g.a.config.DatabaseConfig$1 - Executing prepared SQL query
2026-10-02 15:44:51 [http-nio-8080-exec-1] DEBUG r.g.a.config.DatabaseConfig$1 - Executing prepared SQL statement [SELECT AVG(downtime_percentage) as bd FROM report_building_area WHERE production_day = ?]
2026-10-02 15:44:51 [http-nio-8080-exec-1] DEBUG r.g.a.config.DatabaseConfig$1 - Executing prepared SQL query
2026-10-02 15:44:51 [http-nio-8080-exec-1] DEBUG r.g.a.config.DatabaseConfig$1 - Executing prepared SQL statement [SELECT AVG(downtime_percentage) as bd FROM report_building_area WHERE YEAR(STR_TO_DATE(production_day, '%d.%m.%Y')) = ? AND MONTH(STR_TO_DATE(production_day, '%d.%m.%Y')) = ?]
2026-10-02 15:44:51 [http-nio-8080-exec-1] DEBUG r.g.a.config.DatabaseConfig$1 - Executing prepared SQL query
2026-10-02 15:44:51 [http-nio-8080-exec-1] DEBUG r.g.a.config.DatabaseConfig$1 - Executing prepared SQL statement [SELECT AVG(availability) FROM report_building_area WHERE production_day = ?]
2026-10-02 15:44:51 [http-nio-8080-exec-1] DEBUG r.g.a.config.DatabaseConfig$1 - Executing prepared SQL query
2026-10-02 15:44:51 [http-nio-8080-exec-1] DEBUG r.g.a.config.DatabaseConfig$1 - Executing prepared SQL statement [SELECT AVG(availability) FROM report_building_area WHERE YEAR(STR_TO_DATE(production_day, '%d.%m.%Y')) = ? AND MONTH(STR_TO_DATE(production_day, '%d.%m.%Y')) = ?]
2026-10-02 15:44:51 [http-nio-8080-exec-1] DEBUG r.g.a.config.DatabaseConfig$1 - Executing prepared SQL query
2026-10-02 15:44:51 [http-nio-8080-exec-1] DEBUG r.g.a.config.DatabaseConfig$1 - Executing prepared SQL statement [SELECT AVG(downtime_percentage) as bd FROM report_curing_area WHERE production_day = ?]
2026-10-02 15:44:51 [http-nio-8080-exec-1] DEBUG r.g.a.config.DatabaseConfig$1 - Executing prepared SQL query
2026-10-02 15:44:51 [http-nio-8080-exec-1] DEBUG r.g.a.config.DatabaseConfig$1 - Executing prepared SQL statement [SELECT AVG(downtime_percentage) as bd FROM report_curing_area WHERE YEAR(STR_TO_DATE(production_day, '%d.%m.%Y')) = ? AND MONTH(STR_TO_DATE(production_day, '%d.%m.%Y')) = ?]
2026-10-02 15:44:51 [http-nio-8080-exec-1] DEBUG r.g.a.config.DatabaseConfig$1 - Executing prepared SQL query
2026-10-02 15:44:51 [http-nio-8080-exec-1] DEBUG r.g.a.config.DatabaseConfig$1 - Executing prepared SQL statement [SELECT AVG(availability) FROM report_curing_area WHERE production_day = ?]
2026-10-02 15:44:51 [http-nio-8080-exec-1] DEBUG r.g.a.config.DatabaseConfig$1 - Executing prepared SQL query
2026-10-02 15:44:51 [http-nio-8080-exec-1] DEBUG r.g.a.config.DatabaseConfig$1 - Executing prepared SQL statement [SELECT AVG(availability) FROM report_curing_area WHERE YEAR(STR_TO_DATE(production_day, '%d.%m.%Y')) = ? AND MONTH(STR_TO_DATE(production_day, '%d.%m.%Y')) = ?]
2026-10-02 15:44:51 [http-nio-8080-exec-1] DEBUG r.g.a.config.DatabaseConfig$1 - Executing prepared SQL query
2026-10-02 15:44:51 [http-nio-8080-exec-1] DEBUG r.g.a.config.DatabaseConfig$1 - Executing prepared SQL statement [SELECT AVG(downtime_percentage) as bd FROM report_finishig_area WHERE production_day = ?]
2026-10-02 15:44:51 [http-nio-8080-exec-1] DEBUG r.g.a.config.DatabaseConfig$1 - Executing prepared SQL query
2026-10-02 15:44:51 [http-nio-8080-exec-1] DEBUG r.g.a.config.DatabaseConfig$1 - Executing prepared SQL statement [SELECT AVG(downtime_percentage) as bd FROM report_finishig_area WHERE YEAR(STR_TO_DATE(production_day, '%d.%m.%Y')) = ? AND MONTH(STR_TO_DATE(production_day, '%d.%m.%Y')) = ?]
2026-10-02 15:44:51 [http-nio-8080-exec-1] DEBUG r.g.a.config.DatabaseConfig$1 - Executing prepared SQL query
2026-10-02 15:44:51 [http-nio-8080-exec-1] DEBUG r.g.a.config.DatabaseConfig$1 - Executing prepared SQL statement [SELECT AVG(availability) FROM report_finishig_area WHERE production_day = ?]
2026-10-02 15:44:51 [http-nio-8080-exec-1] DEBUG r.g.a.config.DatabaseConfig$1 - Executing prepared SQL query
2026-10-02 15:44:51 [http-nio-8080-exec-1] DEBUG r.g.a.config.DatabaseConfig$1 - Executing prepared SQL statement [SELECT AVG(availability) FROM report_finishig_area WHERE YEAR(STR_TO_DATE(production_day, '%d.%m.%Y')) = ? AND MONTH(STR_TO_DATE(production_day, '%d.%m.%Y')) = ?]
2026-10-02 15:44:51 [http-nio-8080-exec-1] DEBUG r.g.a.config.DatabaseConfig$1 - Executing prepared SQL query
2026-10-02 15:44:51 [http-nio-8080-exec-1] DEBUG r.g.a.config.DatabaseConfig$1 - Executing prepared SQL statement [SELECT AVG(downtime_percentage) as bd FROM report_modules WHERE production_day = ?]
2026-10-02 15:44:51 [http-nio-8080-exec-1] DEBUG r.g.a.config.DatabaseConfig$1 - Executing prepared SQL query
2026-10-02 15:44:51 [http-nio-8080-exec-1] DEBUG r.g.a.config.DatabaseConfig$1 - Executing prepared SQL statement [SELECT AVG(downtime_percentage) as bd FROM report_modules WHERE YEAR(STR_TO_DATE(production_day, '%d.%m.%Y')) = ? AND MONTH(STR_TO_DATE(production_day, '%d.%m.%Y')) = ?]
2026-10-02 15:44:51 [http-nio-8080-exec-1] DEBUG r.g.a.config.DatabaseConfig$1 - Executing prepared SQL query
2026-10-02 15:44:51 [http-nio-8080-exec-1] DEBUG r.g.a.config.DatabaseConfig$1 - Executing prepared SQL statement [SELECT AVG(availability) FROM report_modules WHERE production_day = ?]
2026-10-02 15:44:51 [http-nio-8080-exec-1] DEBUG r.g.a.config.DatabaseConfig$1 - Executing prepared SQL query
2026-10-02 15:44:51 [http-nio-8080-exec-1] DEBUG r.g.a.config.DatabaseConfig$1 - Executing prepared SQL statement [SELECT AVG(availability) FROM report_modules WHERE YEAR(STR_TO_DATE(production_day, '%d.%m.%Y')) = ? AND MONTH(STR_TO_DATE(production_day, '%d.%m.%Y')) = ?]
2026-10-02 15:44:51 [http-nio-8080-exec-1] DEBUG r.g.a.config.DatabaseConfig$1 - Executing prepared SQL query
2026-10-02 15:44:51 [http-nio-8080-exec-1] DEBUG r.g.a.config.DatabaseConfig$1 - Executing prepared SQL statement [SELECT AVG(downtime_percentage) as bd FROM report_plant WHERE production_day = ?]
2026-10-02 15:44:51 [http-nio-8080-exec-1] DEBUG r.g.a.config.DatabaseConfig$1 - Executing prepared SQL query
2026-10-02 15:44:51 [http-nio-8080-exec-1] DEBUG r.g.a.config.DatabaseConfig$1 - Executing prepared SQL statement [SELECT AVG(downtime_percentage) as bd FROM report_plant WHERE YEAR(STR_TO_DATE(production_day, '%d.%m.%Y')) = ? AND MONTH(STR_TO_DATE(production_day, '%d.%m.%Y')) = ?]
2026-10-02 15:44:51 [http-nio-8080-exec-1] DEBUG r.g.a.config.DatabaseConfig$1 - Executing prepared SQL query
2026-10-02 15:44:51 [http-nio-8080-exec-1] DEBUG r.g.a.config.DatabaseConfig$1 - Executing prepared SQL statement [SELECT AVG(availability) FROM report_plant WHERE production_day = ?]
2026-10-02 15:44:51 [http-nio-8080-exec-1] DEBUG r.g.a.config.DatabaseConfig$1 - Executing prepared SQL query
2026-10-02 15:44:51 [http-nio-8080-exec-1] DEBUG r.g.a.config.DatabaseConfig$1 - Executing prepared SQL statement [SELECT AVG(availability) FROM report_plant WHERE YEAR(STR_TO_DATE(production_day, '%d.%m.%Y')) = ? AND MONTH(STR_TO_DATE(production_day, '%d.%m.%Y')) = ?]
2026-10-02 15:45:51 [http-nio-8080-exec-8] DEBUG r.g.a.config.DatabaseConfig$1 - Executing prepared SQL query
2026-10-02 15:45:51 [http-nio-8080-exec-7] DEBUG r.g.a.config.DatabaseConfig$1 - Executing prepared SQL query
2026-10-02 15:45:51 [http-nio-8080-exec-3] DEBUG r.g.a.config.DatabaseConfig$1 - Executing prepared SQL query
2026-10-02 15:45:51 [http-nio-8080-exec-2] DEBUG r.g.a.config.DatabaseConfig$1 - Executing prepared SQL query
2026-10-02 15:45:51 [http-nio-8080-exec-5] DEBUG r.g.a.config.DatabaseConfig$1 - Executing prepared SQL query
2026-10-02 15:45:51 [http-nio-8080-exec-8] DEBUG r.g.a.config.DatabaseConfig$1 - Executing prepared SQL statement [SELECT r.first_production_day, r.last_production_day FROM production_days_correction c JOIN production_days_correction_range r ON r.correction_id = c.id WHERE c.year = ? AND c.month = ? ORDER BY r.first_production_day]
2026-10-02 15:45:51 [http-nio-8080-exec-6] DEBUG r.g.a.config.DatabaseConfig$1 - Executing prepared SQL query
2026-10-02 15:45:51 [http-nio-8080-exec-7] DEBUG r.g.a.config.DatabaseConfig$1 - Executing prepared SQL statement [SELECT machine_name, SUM(TIME_TO_SEC(machine_downtime)) AS machine_downtime_seconds FROM equipment_maintenance_records WHERE failure_type <> 'Другие' AND ( (production_day IS NOT NULL AND TRIM(production_day) <> '' AND STR_TO_DATE(production_day, '%d.%m.%Y') IS NOT NULL AND YEAR(STR_TO_DATE(production_day, '%d.%m.%Y')) = ? AND MONTH(STR_TO_DATE(production_day, '%d.%m.%Y')) = ?) OR ( (production_day IS NULL OR TRIM(production_day) = '' OR STR_TO_DATE(production_day, '%d.%m.%Y') IS NULL) AND YEAR(start_bd_t1) = ? AND MONTH(start_bd_t1) = ? ) ) GROUP BY machine_name ORDER BY SUM(TIME_TO_SEC(machine_downtime)) DESC LIMIT 4]
2026-10-02 15:45:51 [http-nio-8080-exec-3] DEBUG r.g.a.config.DatabaseConfig$1 - Executing prepared SQL statement [SELECT r.first_production_day, r.last_production_day FROM production_days_correction c JOIN production_days_correction_range r ON r.correction_id = c.id WHERE c.year = ? AND c.month = ? ORDER BY r.first_production_day]
2026-10-02 15:45:51 [http-nio-8080-exec-2] DEBUG r.g.a.config.DatabaseConfig$1 - Executing prepared SQL statement [SELECT machine_name, SUM(TIME_TO_SEC(machine_downtime)) AS machine_downtime_seconds FROM equipment_maintenance_records WHERE failure_type <> 'Другие' AND machine_name IN ('Mixer GK 270 T-C 2.1', 'Mixer GK 320 E 1.1', 'Calender Complex Berstorf - 01', 'Bandina - 01', 'Duplex - 01', 'Calender Comerio Ercole - 01', 'VMI APEX - 01', 'VMI APEX - 02', 'Trafila Quadruplex - 01', 'Bartell Bead Machine - 01', 'TTM fisher belt cutting - 01', 'VMI TPCS 1600-1000') AND ( (production_day IS NOT NULL AND TRIM(production_day) <> '' AND STR_TO_DATE(production_day, '%d.%m.%Y') IS NOT NULL AND YEAR(STR_TO_DATE(production_day, '%d.%m.%Y')) = ? AND MONTH(STR_TO_DATE(production_day, '%d.%m.%Y')) = ?) OR ( (production_day IS NULL OR TRIM(production_day) = '' OR STR_TO_DATE(production_day, '%d.%m.%Y') IS NULL) AND YEAR(start_bd_t1) = ? AND MONTH(start_bd_t1) = ? ) ) GROUP BY machine_name ORDER BY SUM(TIME_TO_SEC(machine_downtime)) DESC LIMIT 4]
2026-10-02 15:45:51 [http-nio-8080-exec-5] DEBUG r.g.a.config.DatabaseConfig$1 - Executing prepared SQL statement [SELECT r.first_production_day, r.last_production_day FROM production_days_correction c JOIN production_days_correction_range r ON r.correction_id = c.id WHERE c.year = ? AND c.month = ? ORDER BY r.first_production_day]
2026-10-02 15:45:51 [http-nio-8080-exec-6] DEBUG r.g.a.config.DatabaseConfig$1 - Executing prepared SQL statement [SELECT production_day, quantity_pm_planned AS plan, quantity_pm_close AS fact, quantity_tag AS tag FROM report_plant WHERE YEAR(STR_TO_DATE(production_day, '%d.%m.%Y')) = ? AND MONTH(STR_TO_DATE(production_day, '%d.%m.%Y')) = ? ORDER BY STR_TO_DATE(production_day, '%d.%m.%Y')]
2026-10-02 15:45:51 [http-nio-8080-exec-8] DEBUG r.g.a.config.DatabaseConfig$1 - Executing prepared SQL query
2026-10-02 15:45:51 [http-nio-8080-exec-3] DEBUG r.g.a.config.DatabaseConfig$1 - Executing prepared SQL query
2026-10-02 15:45:51 [http-nio-8080-exec-8] DEBUG r.g.a.config.DatabaseConfig$1 - Executing prepared SQL statement [SELECT production_day, availability FROM report_plant WHERE YEAR(STR_TO_DATE(production_day, '%d.%m.%Y')) = ? AND MONTH(STR_TO_DATE(production_day, '%d.%m.%Y')) = ? ORDER BY STR_TO_DATE(production_day, '%d.%m.%Y')]
2026-10-02 15:45:51 [http-nio-8080-exec-3] DEBUG r.g.a.config.DatabaseConfig$1 - Executing prepared SQL statement [SELECT production_day, downtime_percentage FROM report_plant WHERE YEAR(STR_TO_DATE(production_day, '%d.%m.%Y')) = ? AND MONTH(STR_TO_DATE(production_day, '%d.%m.%Y')) = ? ORDER BY STR_TO_DATE(production_day, '%d.%m.%Y')]
2026-10-02 15:45:51 [http-nio-8080-exec-5] DEBUG r.g.a.config.DatabaseConfig$1 - Executing prepared SQL query
2026-10-02 15:45:51 [http-nio-8080-exec-5] DEBUG r.g.a.config.DatabaseConfig$1 - Executing prepared SQL statement [SELECT AVG(downtime_percentage) as bd FROM report_new_mixing_area WHERE production_day = ?]
2026-10-02 15:45:51 [http-nio-8080-exec-5] DEBUG r.g.a.config.DatabaseConfig$1 - Executing prepared SQL query
2026-10-02 15:45:51 [http-nio-8080-exec-5] DEBUG r.g.a.config.DatabaseConfig$1 - Executing prepared SQL statement [SELECT AVG(downtime_percentage) as bd FROM report_new_mixing_area WHERE YEAR(STR_TO_DATE(production_day, '%d.%m.%Y')) = ? AND MONTH(STR_TO_DATE(production_day, '%d.%m.%Y')) = ?]
2026-10-02 15:45:51 [http-nio-8080-exec-5] DEBUG r.g.a.config.DatabaseConfig$1 - Executing prepared SQL query
2026-10-02 15:45:51 [http-nio-8080-exec-5] DEBUG r.g.a.config.DatabaseConfig$1 - Executing prepared SQL statement [SELECT AVG(availability) FROM report_new_mixing_area WHERE production_day = ?]
2026-10-02 15:45:51 [http-nio-8080-exec-5] DEBUG r.g.a.config.DatabaseConfig$1 - Executing prepared SQL query
2026-10-02 15:45:51 [http-nio-8080-exec-5] DEBUG r.g.a.config.DatabaseConfig$1 - Executing prepared SQL statement [SELECT AVG(availability) FROM report_new_mixing_area WHERE YEAR(STR_TO_DATE(production_day, '%d.%m.%Y')) = ? AND MONTH(STR_TO_DATE(production_day, '%d.%m.%Y')) = ?]
2026-10-02 15:45:51 [http-nio-8080-exec-5] DEBUG r.g.a.config.DatabaseConfig$1 - Executing prepared SQL query
2026-10-02 15:45:51 [http-nio-8080-exec-5] DEBUG r.g.a.config.DatabaseConfig$1 - Executing prepared SQL statement [SELECT AVG(downtime_percentage) as bd FROM report_semifinishing_area WHERE production_day = ?]
2026-10-02 15:45:51 [http-nio-8080-exec-5] DEBUG r.g.a.config.DatabaseConfig$1 - Executing prepared SQL query
2026-10-02 15:45:51 [http-nio-8080-exec-5] DEBUG r.g.a.config.DatabaseConfig$1 - Executing prepared SQL statement [SELECT AVG(downtime_percentage) as bd FROM report_semifinishing_area WHERE YEAR(STR_TO_DATE(production_day, '%d.%m.%Y')) = ? AND MONTH(STR_TO_DATE(production_day, '%d.%m.%Y')) = ?]
2026-10-02 15:45:51 [http-nio-8080-exec-5] DEBUG r.g.a.config.DatabaseConfig$1 - Executing prepared SQL query
2026-10-02 15:45:51 [http-nio-8080-exec-5] DEBUG r.g.a.config.DatabaseConfig$1 - Executing prepared SQL statement [SELECT AVG(availability) FROM report_semifinishing_area WHERE production_day = ?]
2026-10-02 15:45:51 [http-nio-8080-exec-5] DEBUG r.g.a.config.DatabaseConfig$1 - Executing prepared SQL query
2026-10-02 15:45:51 [http-nio-8080-exec-5] DEBUG r.g.a.config.DatabaseConfig$1 - Executing prepared SQL statement [SELECT AVG(availability) FROM report_semifinishing_area WHERE YEAR(STR_TO_DATE(production_day, '%d.%m.%Y')) = ? AND MONTH(STR_TO_DATE(production_day, '%d.%m.%Y')) = ?]
2026-10-02 15:45:51 [http-nio-8080-exec-5] DEBUG r.g.a.config.DatabaseConfig$1 - Executing prepared SQL query
2026-10-02 15:45:51 [http-nio-8080-exec-5] DEBUG r.g.a.config.DatabaseConfig$1 - Executing prepared SQL statement [SELECT AVG(downtime_percentage) as bd FROM report_building_area WHERE production_day = ?]
2026-10-02 15:45:51 [http-nio-8080-exec-5] DEBUG r.g.a.config.DatabaseConfig$1 - Executing prepared SQL query
2026-10-02 15:45:51 [http-nio-8080-exec-5] DEBUG r.g.a.config.DatabaseConfig$1 - Executing prepared SQL statement [SELECT AVG(downtime_percentage) as bd FROM report_building_area WHERE YEAR(STR_TO_DATE(production_day, '%d.%m.%Y')) = ? AND MONTH(STR_TO_DATE(production_day, '%d.%m.%Y')) = ?]
2026-10-02 15:45:51 [http-nio-8080-exec-5] DEBUG r.g.a.config.DatabaseConfig$1 - Executing prepared SQL query
2026-10-02 15:45:51 [http-nio-8080-exec-5] DEBUG r.g.a.config.DatabaseConfig$1 - Executing prepared SQL statement [SELECT AVG(availability) FROM report_building_area WHERE production_day = ?]
2026-10-02 15:45:51 [http-nio-8080-exec-5] DEBUG r.g.a.config.DatabaseConfig$1 - Executing prepared SQL query
2026-10-02 15:45:51 [http-nio-8080-exec-5] DEBUG r.g.a.config.DatabaseConfig$1 - Executing prepared SQL statement [SELECT AVG(availability) FROM report_building_area WHERE YEAR(STR_TO_DATE(production_day, '%d.%m.%Y')) = ? AND MONTH(STR_TO_DATE(production_day, '%d.%m.%Y')) = ?]
2026-10-02 15:45:51 [http-nio-8080-exec-5] DEBUG r.g.a.config.DatabaseConfig$1 - Executing prepared SQL query
2026-10-02 15:45:51 [http-nio-8080-exec-5] DEBUG r.g.a.config.DatabaseConfig$1 - Executing prepared SQL statement [SELECT AVG(downtime_percentage) as bd FROM report_curing_area WHERE production_day = ?]
2026-10-02 15:45:51 [http-nio-8080-exec-5] DEBUG r.g.a.config.DatabaseConfig$1 - Executing prepared SQL query
2026-10-02 15:45:51 [http-nio-8080-exec-5] DEBUG r.g.a.config.DatabaseConfig$1 - Executing prepared SQL statement [SELECT AVG(downtime_percentage) as bd FROM report_curing_area WHERE YEAR(STR_TO_DATE(production_day, '%d.%m.%Y')) = ? AND MONTH(STR_TO_DATE(production_day, '%d.%m.%Y')) = ?]
2026-10-02 15:45:51 [http-nio-8080-exec-5] DEBUG r.g.a.config.DatabaseConfig$1 - Executing prepared SQL query
2026-10-02 15:45:51 [http-nio-8080-exec-5] DEBUG r.g.a.config.DatabaseConfig$1 - Executing prepared SQL statement [SELECT AVG(availability) FROM report_curing_area WHERE production_day = ?]
2026-10-02 15:45:51 [http-nio-8080-exec-5] DEBUG r.g.a.config.DatabaseConfig$1 - Executing prepared SQL query
2026-10-02 15:45:51 [http-nio-8080-exec-5] DEBUG r.g.a.config.DatabaseConfig$1 - Executing prepared SQL statement [SELECT AVG(availability) FROM report_curing_area WHERE YEAR(STR_TO_DATE(production_day, '%d.%m.%Y')) = ? AND MONTH(STR_TO_DATE(production_day, '%d.%m.%Y')) = ?]
2026-10-02 15:45:51 [http-nio-8080-exec-5] DEBUG r.g.a.config.DatabaseConfig$1 - Executing prepared SQL query
2026-10-02 15:45:51 [http-nio-8080-exec-5] DEBUG r.g.a.config.DatabaseConfig$1 - Executing prepared SQL statement [SELECT AVG(downtime_percentage) as bd FROM report_finishig_area WHERE production_day = ?]
2026-10-02 15:45:51 [http-nio-8080-exec-5] DEBUG r.g.a.config.DatabaseConfig$1 - Executing prepared SQL query
2026-10-02 15:45:51 [http-nio-8080-exec-5] DEBUG r.g.a.config.DatabaseConfig$1 - Executing prepared SQL statement [SELECT AVG(downtime_percentage) as bd FROM report_finishig_area WHERE YEAR(STR_TO_DATE(production_day, '%d.%m.%Y')) = ? AND MONTH(STR_TO_DATE(production_day, '%d.%m.%Y')) = ?]
2026-10-02 15:45:51 [http-nio-8080-exec-5] DEBUG r.g.a.config.DatabaseConfig$1 - Executing prepared SQL query
2026-10-02 15:45:51 [http-nio-8080-exec-5] DEBUG r.g.a.config.DatabaseConfig$1 - Executing prepared SQL statement [SELECT AVG(availability) FROM report_finishig_area WHERE production_day = ?]
2026-10-02 15:45:51 [http-nio-8080-exec-5] DEBUG r.g.a.config.DatabaseConfig$1 - Executing prepared SQL query
2026-10-02 15:45:51 [http-nio-8080-exec-5] DEBUG r.g.a.config.DatabaseConfig$1 - Executing prepared SQL statement [SELECT AVG(availability) FROM report_finishig_area WHERE YEAR(STR_TO_DATE(production_day, '%d.%m.%Y')) = ? AND MONTH(STR_TO_DATE(production_day, '%d.%m.%Y')) = ?]
2026-10-02 15:45:51 [http-nio-8080-exec-5] DEBUG r.g.a.config.DatabaseConfig$1 - Executing prepared SQL query
2026-10-02 15:45:51 [http-nio-8080-exec-5] DEBUG r.g.a.config.DatabaseConfig$1 - Executing prepared SQL statement [SELECT AVG(downtime_percentage) as bd FROM report_modules WHERE production_day = ?]
2026-10-02 15:45:51 [http-nio-8080-exec-5] DEBUG r.g.a.config.DatabaseConfig$1 - Executing prepared SQL query
2026-10-02 15:45:51 [http-nio-8080-exec-5] DEBUG r.g.a.config.DatabaseConfig$1 - Executing prepared SQL statement [SELECT AVG(downtime_percentage) as bd FROM report_modules WHERE YEAR(STR_TO_DATE(production_day, '%d.%m.%Y')) = ? AND MONTH(STR_TO_DATE(production_day, '%d.%m.%Y')) = ?]
2026-10-02 15:45:51 [http-nio-8080-exec-5] DEBUG r.g.a.config.DatabaseConfig$1 - Executing prepared SQL query
2026-10-02 15:45:51 [http-nio-8080-exec-5] DEBUG r.g.a.config.DatabaseConfig$1 - Executing prepared SQL statement [SELECT AVG(availability) FROM report_modules WHERE production_day = ?]
2026-10-02 15:45:51 [http-nio-8080-exec-5] DEBUG r.g.a.config.DatabaseConfig$1 - Executing prepared SQL query
2026-10-02 15:45:51 [http-nio-8080-exec-5] DEBUG r.g.a.config.DatabaseConfig$1 - Executing prepared SQL statement [SELECT AVG(availability) FROM report_modules WHERE YEAR(STR_TO_DATE(production_day, '%d.%m.%Y')) = ? AND MONTH(STR_TO_DATE(production_day, '%d.%m.%Y')) = ?]
2026-10-02 15:45:51 [http-nio-8080-exec-5] DEBUG r.g.a.config.DatabaseConfig$1 - Executing prepared SQL query
2026-10-02 15:45:51 [http-nio-8080-exec-5] DEBUG r.g.a.config.DatabaseConfig$1 - Executing prepared SQL statement [SELECT AVG(downtime_percentage) as bd FROM report_plant WHERE production_day = ?]
2026-10-02 15:45:51 [http-nio-8080-exec-5] DEBUG r.g.a.config.DatabaseConfig$1 - Executing prepared SQL query
2026-10-02 15:45:51 [http-nio-8080-exec-5] DEBUG r.g.a.config.DatabaseConfig$1 - Executing prepared SQL statement [SELECT AVG(downtime_percentage) as bd FROM report_plant WHERE YEAR(STR_TO_DATE(production_day, '%d.%m.%Y')) = ? AND MONTH(STR_TO_DATE(production_day, '%d.%m.%Y')) = ?]
2026-10-02 15:45:51 [http-nio-8080-exec-5] DEBUG r.g.a.config.DatabaseConfig$1 - Executing prepared SQL query
2026-10-02 15:45:51 [http-nio-8080-exec-5] DEBUG r.g.a.config.DatabaseConfig$1 - Executing prepared SQL statement [SELECT AVG(availability) FROM report_plant WHERE production_day = ?]
2026-10-02 15:45:51 [http-nio-8080-exec-5] DEBUG r.g.a.config.DatabaseConfig$1 - Executing prepared SQL query
2026-10-02 15:45:51 [http-nio-8080-exec-5] DEBUG r.g.a.config.DatabaseConfig$1 - Executing prepared SQL statement [SELECT AVG(availability) FROM report_plant WHERE YEAR(STR_TO_DATE(production_day, '%d.%m.%Y')) = ? AND MONTH(STR_TO_DATE(production_day, '%d.%m.%Y')) = ?]
